name,image_url,page_url,views,date_scraped
Yumi Kazama,https://static.javct.net/actor/yumi-kazama.jpg,https://javct.net/model/yumi-kazama,731.4K,2026-07-05
Yu Shinoda,https://static.javct.net/actor/yu-shinoda.jpg,https://javct.net/model/yu-shinoda,749.6K,2026-07-05
Julia,https://static.javct.net/actor/julia.jpg,https://javct.net/model/julia,660.7K,2026-07-05
Reiko Kobayakawa,https://static.javct.net/actor/reiko-kobayakawa.jpg,https://javct.net/model/reiko-kobayakawa,642.8K,2026-07-05
Mako Oda,https://static.javct.net/actor/mako-oda.jpg,https://javct.net/model/mako-oda,693.3K,2026-07-05
Asahi Mizuno,https://static.javct.net/actor/asahi-mizuno.jpg,https://javct.net/model/asahi-mizuno,644K,2026-07-05
Yui Hatano,https://static.javct.net/actor/yui-hatano.jpg,https://javct.net/model/yui-hatano,589.3K,2026-07-05
Hana Haruna,https://static.javct.net/actor/hana-haruna.jpg,https://javct.net/model/hana-haruna,538.3K,2026-07-05
Mina Kitano,https://static.javct.net/actor/mina-kitano.jpg,https://javct.net/model/mina-kitano,585.5K,2026-07-05
Yua Mikami,https://static.javct.net/actor/yua-mikami.jpg,https://javct.net/model/yua-mikami,475.3K,2026-07-05
Eimi Fukada,https://static.javct.net/actor/eimi-fukada.jpg,https://javct.net/model/eimi-fukada,531.7K,2026-07-05
Ai Sayama,https://static.javct.net/actor/ai-sayama.jpg,https://javct.net/model/ai-sayama,414.4K,2026-07-05
Maki Hojo,https://static.javct.net/actor/maki-hojo.jpg,https://javct.net/model/maki-hojo,386.1K,2026-07-05
Nao Jinguji,https://static.javct.net/actor/nao-jinguji.jpg,https://javct.net/model/nao-jinguji,478.9K,2026-07-05
Ririko Kinoshita,https://static.javct.net/actor/ririko-kinoshita.jpg,https://javct.net/model/ririko-kinoshita,402.3K,2026-07-05
Saeko Matsushita,https://static.javct.net/actor/saeko-matsushita.jpg,https://javct.net/model/saeko-matsushita,368.1K,2026-07-05
Tsukasa Aoi,https://static.javct.net/actor/tsukasa-aoi.jpg,https://javct.net/model/tsukasa-aoi,352.5K,2026-07-05
Maki Tomoda,https://static.javct.net/actor/maki-tomoda.jpg,https://javct.net/model/maki-tomoda,360.8K,2026-07-05
Mizuki Yayoi,https://static.javct.net/actor/mizuki-yayoi.jpg,https://javct.net/model/mizuki-yayoi,293.1K,2026-07-05
Riho Fujimori,https://static.javct.net/actor/riho-fujimori.jpg,https://javct.net/model/riho-fujimori,353.9K,2026-07-05
Sumire Mizukawa,https://static.javct.net/actor/sumire-mizukawa.jpg,https://javct.net/model/sumire-mizukawa,311K,2026-07-05
Tsubasa Amami,https://static.javct.net/actor/tsubasa-amami.jpg,https://javct.net/model/tsubasa-amami,323.4K,2026-07-05
Momoko Isshiki,https://static.javct.net/actor/momoko-isshiki.jpg,https://javct.net/model/momoko-isshiki,333.2K,2026-07-05
Ayaka Mutou,https://static.javct.net/actor/ayaka-mutou.jpg,https://javct.net/model/ayaka-mutou,297.2K,2026-07-05
Aika Yumeno,https://static.javct.net/actor/aika-yumeno.jpg,https://javct.net/model/aika-yumeno,297.2K,2026-07-05
Aki Sasaki,https://static.javct.net/actor/aki-sasaki.jpg,https://javct.net/model/aki-sasaki,305.2K,2026-07-05
Marina Shiraishi,https://static.javct.net/actor/marina-shiraishi.jpg,https://javct.net/model/marina-shiraishi,299.1K,2026-07-05
Saki Okuda,https://static.javct.net/actor/saki-okuda.jpg,https://javct.net/model/saki-okuda,262.5K,2026-07-05
Mio Kimijima,https://static.javct.net/actor/mio-kimijima.jpg,https://javct.net/model/mio-kimijima,288.9K,2026-07-05
Eriko Miura,https://static.javct.net/actor/eriko-miura.jpg,https://javct.net/model/eriko-miura,284.7K,2026-07-05
