page_url,video_code,playlist_url,quality,source
https://missav123.com/dm1/en/fc2-ppv-4628415,,https://surrit.com/aa9babc9-1ff2-4fb8-89ed-c8f353ca9bcf/1080p/video.m3u8,1080p,surrit.com
https://missav123.com/dm1/en/fc2-ppv-4628415,,https://surrit.com/aa9babc9-1ff2-4fb8-89ed-c8f353ca9bcf/720p/video.m3u8,720p,surrit.com
https://missav123.com/dm1/en/fc2-ppv-4628415,,https://surrit.com/aa9babc9-1ff2-4fb8-89ed-c8f353ca9bcf/playlist.m3u8,playlist,surrit.com
https://missav123.com/dm1/en/jur-029-uncensored-leak,,https://surrit.com/0f7da70d-fe3a-4967-bc36-c7fa1ff13880/1080p/video.m3u8,1080p,surrit.com
https://missav123.com/dm1/en/jur-029-uncensored-leak,,https://surrit.com/0f7da70d-fe3a-4967-bc36-c7fa1ff13880/720p/video.m3u8,720p,surrit.com
https://missav123.com/dm1/en/jur-029-uncensored-leak,,https://surrit.com/0f7da70d-fe3a-4967-bc36-c7fa1ff13880/playlist.m3u8,playlist,surrit.com
https://missav123.com/dm1/en/juy-925-english-subtitle,,https://surrit.com/2998453e-9a0e-41de-a49e-43df46f2eacf/720p/video.m3u8,720p,surrit.com
https://missav123.com/dm1/en/juy-925-english-subtitle,,https://surrit.com/2998453e-9a0e-41de-a49e-43df46f2eacf/playlist.m3u8,playlist,surrit.com
https://missav123.com/dm1/en/pppd-451-uncensored-leak,,https://surrit.com/8cb85228-5bd0-48f9-946f-9d5a4885b9ef/1080p/video.m3u8,1080p,surrit.com
https://missav123.com/dm1/en/pppd-451-uncensored-leak,,https://surrit.com/8cb85228-5bd0-48f9-946f-9d5a4885b9ef/720p/video.m3u8,720p,surrit.com
https://missav123.com/dm1/en/pppd-451-uncensored-leak,,https://surrit.com/8cb85228-5bd0-48f9-946f-9d5a4885b9ef/playlist.m3u8,playlist,surrit.com
https://missav123.com/dm1/en/real-885-uncensored-leak,,https://surrit.com/8a823f3d-9dac-456e-ad74-c4907faf0e84/1080p/video.m3u8,1080p,surrit.com
https://missav123.com/dm1/en/real-885-uncensored-leak,,https://surrit.com/8a823f3d-9dac-456e-ad74-c4907faf0e84/720p/video.m3u8,720p,surrit.com
https://missav123.com/dm1/en/real-885-uncensored-leak,,https://surrit.com/8a823f3d-9dac-456e-ad74-c4907faf0e84/playlist.m3u8,playlist,surrit.com
https://missav123.com/dm1/en/sone-615-uncensored-leak,,https://surrit.com/34ca45c2-ea04-4496-b90f-a40ee128a6b2/720p/video.m3u8,720p,surrit.com
https://missav123.com/dm1/en/sone-615-uncensored-leak,,https://surrit.com/34ca45c2-ea04-4496-b90f-a40ee128a6b2/playlist.m3u8,playlist,surrit.com
https://missav123.com/dm1/en/start-169-uncensored-leak,,https://surrit.com/2edb5134-ece4-4049-9e0c-9ac9db69f57d/1080p/video.m3u8,1080p,surrit.com
https://missav123.com/dm1/en/start-169-uncensored-leak,,https://surrit.com/2edb5134-ece4-4049-9e0c-9ac9db69f57d/720p/video.m3u8,720p,surrit.com
https://missav123.com/dm1/en/start-169-uncensored-leak,,https://surrit.com/2edb5134-ece4-4049-9e0c-9ac9db69f57d/playlist.m3u8,playlist,surrit.com
https://missav123.com/dm107/en/adn-396-uncensored-leak,,https://surrit.com/e7b72c94-297c-424e-b65d-f73f3153f753/1280x720/video.m3u8,720p,surrit.com
https://missav123.com/dm107/en/adn-396-uncensored-leak,,https://surrit.com/e7b72c94-297c-424e-b65d-f73f3153f753/842x480/video.m3u8,480p,surrit.com
https://missav123.com/dm107/en/adn-396-uncensored-leak,,https://surrit.com/e7b72c94-297c-424e-b65d-f73f3153f753/playlist.m3u8,playlist,surrit.com
https://missav123.com/dm14/en/ipzz-301-uncensored-leak,,https://surrit.com/79517f66-e779-424c-94a9-c3745b65224f/1080p/video.m3u8,1080p,surrit.com
https://missav123.com/dm14/en/ipzz-301-uncensored-leak,,https://surrit.com/79517f66-e779-424c-94a9-c3745b65224f/720p/video.m3u8,720p,surrit.com
https://missav123.com/dm14/en/ipzz-301-uncensored-leak,,https://surrit.com/79517f66-e779-424c-94a9-c3745b65224f/playlist.m3u8,playlist,surrit.com
https://missav123.com/dm14/en/mudr-235-uncensored-leak,,https://surrit.com/0dc6630c-e5cb-4d1c-ba2a-4d601868e71f/1280x720/video.m3u8,720p,surrit.com
https://missav123.com/dm14/en/mudr-235-uncensored-leak,,https://surrit.com/0dc6630c-e5cb-4d1c-ba2a-4d601868e71f/842x480/video.m3u8,480p,surrit.com
https://missav123.com/dm14/en/mudr-235-uncensored-leak,,https://surrit.com/0dc6630c-e5cb-4d1c-ba2a-4d601868e71f/playlist.m3u8,playlist,surrit.com
https://missav123.com/dm14/en/sone-341-uncensored-leak,,https://surrit.com/8edbd1ea-b392-4c1b-b91a-d66fe45adb29/1080p/video.m3u8,1080p,surrit.com
https://missav123.com/dm14/en/sone-341-uncensored-leak,,https://surrit.com/8edbd1ea-b392-4c1b-b91a-d66fe45adb29/720p/video.m3u8,720p,surrit.com
https://missav123.com/dm14/en/sone-341-uncensored-leak,,https://surrit.com/8edbd1ea-b392-4c1b-b91a-d66fe45adb29/playlist.m3u8,playlist,surrit.com
https://missav123.com/dm15/en/miaa-236-uncensored-leak,,https://surrit.com/e55f257d-e54f-4bf4-9f9a-f0bd7081c08a/1280x720/video.m3u8,720p,surrit.com
https://missav123.com/dm15/en/miaa-236-uncensored-leak,,https://surrit.com/e55f257d-e54f-4bf4-9f9a-f0bd7081c08a/842x480/video.m3u8,480p,surrit.com
https://missav123.com/dm15/en/miaa-236-uncensored-leak,,https://surrit.com/e55f257d-e54f-4bf4-9f9a-f0bd7081c08a/playlist.m3u8,playlist,surrit.com
https://missav123.com/dm15/en/mimk-138-uncensored-leak,,https://surrit.com/a0e76827-a962-45d1-936e-cd877c37befc/1280x720/video.m3u8,720p,surrit.com
https://missav123.com/dm15/en/mimk-138-uncensored-leak,,https://surrit.com/a0e76827-a962-45d1-936e-cd877c37befc/842x480/video.m3u8,480p,surrit.com
https://missav123.com/dm15/en/mimk-138-uncensored-leak,,https://surrit.com/a0e76827-a962-45d1-936e-cd877c37befc/playlist.m3u8,playlist,surrit.com
https://missav123.com/dm15/en/ssis-870-uncensored-leak,,https://surrit.com/d6c1086d-23c5-4cda-a146-97878330ae09/720p/video.m3u8,720p,surrit.com
https://missav123.com/dm15/en/ssis-870-uncensored-leak,,https://surrit.com/d6c1086d-23c5-4cda-a146-97878330ae09/playlist.m3u8,playlist,surrit.com
https://missav123.com/dm16/en/hnd-765-uncensored-leak,,https://surrit.com/230101f7-5cad-41fd-bce0-5803933f054f/1280x720/video.m3u8,720p,surrit.com
https://missav123.com/dm16/en/hnd-765-uncensored-leak,,https://surrit.com/230101f7-5cad-41fd-bce0-5803933f054f/842x480/video.m3u8,480p,surrit.com
https://missav123.com/dm16/en/hnd-765-uncensored-leak,,https://surrit.com/230101f7-5cad-41fd-bce0-5803933f054f/playlist.m3u8,playlist,surrit.com
https://missav123.com/dm16/en/jul-876-uncensored-leak,,https://surrit.com/b1b00bb1-fdde-4f88-830c-33e63242f3f0/720p/video.m3u8,720p,surrit.com
https://missav123.com/dm16/en/jul-876-uncensored-leak,,https://surrit.com/b1b00bb1-fdde-4f88-830c-33e63242f3f0/playlist.m3u8,playlist,surrit.com
https://missav123.com/dm17/en/sone-525-uncensored-leak,,https://surrit.com/6f7ddfca-eff2-4cbb-b49b-94bac9d9c582/1080p/video.m3u8,1080p,surrit.com
https://missav123.com/dm17/en/sone-525-uncensored-leak,,https://surrit.com/6f7ddfca-eff2-4cbb-b49b-94bac9d9c582/720p/video.m3u8,720p,surrit.com
https://missav123.com/dm17/en/sone-525-uncensored-leak,,https://surrit.com/6f7ddfca-eff2-4cbb-b49b-94bac9d9c582/playlist.m3u8,playlist,surrit.com
https://missav123.com/dm19/en/meyd-928-uncensored-leak,,https://surrit.com/11a26896-d178-4e42-82cf-6528a70fb572/1080p/video.m3u8,1080p,surrit.com
https://missav123.com/dm19/en/meyd-928-uncensored-leak,,https://surrit.com/11a26896-d178-4e42-82cf-6528a70fb572/720p/video.m3u8,720p,surrit.com
https://missav123.com/dm19/en/meyd-928-uncensored-leak,,https://surrit.com/11a26896-d178-4e42-82cf-6528a70fb572/playlist.m3u8,playlist,surrit.com
https://missav123.com/dm2/en/hmn-217-uncensored-leak,,https://surrit.com/312c715a-4fef-447d-9c49-8cc88a61eb9b/720p/video.m3u8,720p,surrit.com
https://missav123.com/dm2/en/hmn-217-uncensored-leak,,https://surrit.com/312c715a-4fef-447d-9c49-8cc88a61eb9b/playlist.m3u8,playlist,surrit.com
https://missav123.com/dm2/en/juy-837-uncensored-leak,,https://surrit.com/0abe5b29-879b-4622-ab70-5625bdbb8796/1080p/video.m3u8,1080p,surrit.com
https://missav123.com/dm2/en/juy-837-uncensored-leak,,https://surrit.com/0abe5b29-879b-4622-ab70-5625bdbb8796/720p/video.m3u8,720p,surrit.com
https://missav123.com/dm2/en/juy-837-uncensored-leak,,https://surrit.com/0abe5b29-879b-4622-ab70-5625bdbb8796/playlist.m3u8,playlist,surrit.com
https://missav123.com/dm2/en/mide-903-uncensored-leak,,https://surrit.com/206bb723-d53b-446f-a607-58208408d313/720p/video.m3u8,720p,surrit.com
https://missav123.com/dm2/en/mide-903-uncensored-leak,,https://surrit.com/206bb723-d53b-446f-a607-58208408d313/playlist.m3u8,playlist,surrit.com
https://missav123.com/dm2/en/mimk-044-uncensored-leak,,https://surrit.com/469ee206-b8c6-4abc-96df-9fc36ebb5b2c/1080p/video.m3u8,1080p,surrit.com
https://missav123.com/dm2/en/mimk-044-uncensored-leak,,https://surrit.com/469ee206-b8c6-4abc-96df-9fc36ebb5b2c/720p/video.m3u8,720p,surrit.com
https://missav123.com/dm2/en/mimk-044-uncensored-leak,,https://surrit.com/469ee206-b8c6-4abc-96df-9fc36ebb5b2c/playlist.m3u8,playlist,surrit.com
https://missav123.com/dm2/en/sone-569-uncensored-leak,,https://surrit.com/c6380682-8239-4dcf-92c2-fbcee6a91807/1080p/video.m3u8,1080p,surrit.com
https://missav123.com/dm2/en/sone-569-uncensored-leak,,https://surrit.com/c6380682-8239-4dcf-92c2-fbcee6a91807/720p/video.m3u8,720p,surrit.com
https://missav123.com/dm2/en/sone-569-uncensored-leak,,https://surrit.com/c6380682-8239-4dcf-92c2-fbcee6a91807/playlist.m3u8,playlist,surrit.com
https://missav123.com/dm2/en/ssni-727-uncensored-leak,,https://surrit.com/695932e8-5220-4adc-b455-7929606ce2a3/1080p/video.m3u8,1080p,surrit.com
https://missav123.com/dm2/en/ssni-727-uncensored-leak,,https://surrit.com/695932e8-5220-4adc-b455-7929606ce2a3/720p/video.m3u8,720p,surrit.com
https://missav123.com/dm2/en/ssni-727-uncensored-leak,,https://surrit.com/695932e8-5220-4adc-b455-7929606ce2a3/playlist.m3u8,playlist,surrit.com
https://missav123.com/dm26/en/cjod-408-uncensored-leak,,https://surrit.com/a5331ac3-b9af-48b2-941c-7d0fd9f371e7/1080p/video.m3u8,1080p,surrit.com
https://missav123.com/dm26/en/cjod-408-uncensored-leak,,https://surrit.com/a5331ac3-b9af-48b2-941c-7d0fd9f371e7/720p/video.m3u8,720p,surrit.com
https://missav123.com/dm26/en/cjod-408-uncensored-leak,,https://surrit.com/a5331ac3-b9af-48b2-941c-7d0fd9f371e7/playlist.m3u8,playlist,surrit.com
https://missav123.com/dm26/en/jul-208-uncensored-leak,,https://surrit.com/b1dc8bf0-e87f-48b7-b872-870ec4ea60b2/480p/video.m3u8,480p,surrit.com
https://missav123.com/dm26/en/jul-208-uncensored-leak,,https://surrit.com/b1dc8bf0-e87f-48b7-b872-870ec4ea60b2/playlist.m3u8,playlist,surrit.com
https://missav123.com/dm26/en/jul-305-uncensored-leak,,https://surrit.com/0b7fc776-79ed-4560-a514-06d0fde1ed2e/1080p/video.m3u8,1080p,surrit.com
https://missav123.com/dm26/en/jul-305-uncensored-leak,,https://surrit.com/0b7fc776-79ed-4560-a514-06d0fde1ed2e/720p/video.m3u8,720p,surrit.com
https://missav123.com/dm26/en/jul-305-uncensored-leak,,https://surrit.com/0b7fc776-79ed-4560-a514-06d0fde1ed2e/playlist.m3u8,playlist,surrit.com
https://missav123.com/dm27/en/mide-781-uncensored-leak,,https://surrit.com/056f2df3-29e0-4676-8aa4-8876c4b2a1df/1080p/video.m3u8,1080p,surrit.com
https://missav123.com/dm27/en/mide-781-uncensored-leak,,https://surrit.com/056f2df3-29e0-4676-8aa4-8876c4b2a1df/720p/video.m3u8,720p,surrit.com
https://missav123.com/dm27/en/mide-781-uncensored-leak,,https://surrit.com/056f2df3-29e0-4676-8aa4-8876c4b2a1df/playlist.m3u8,playlist,surrit.com
https://missav123.com/dm28/en/sone-146-uncensored-leak,,https://surrit.com/790092aa-b130-44d2-9111-bb524da16f89/1080p/video.m3u8,1080p,surrit.com
https://missav123.com/dm28/en/sone-146-uncensored-leak,,https://surrit.com/790092aa-b130-44d2-9111-bb524da16f89/720p/video.m3u8,720p,surrit.com
https://missav123.com/dm28/en/sone-146-uncensored-leak,,https://surrit.com/790092aa-b130-44d2-9111-bb524da16f89/playlist.m3u8,playlist,surrit.com
https://missav123.com/dm29/en/jux-816-uncensored-leak,,https://surrit.com/49f8f259-f610-404a-b1dd-9880f9ba068b/1280x720/video.m3u8,720p,surrit.com
https://missav123.com/dm29/en/jux-816-uncensored-leak,,https://surrit.com/49f8f259-f610-404a-b1dd-9880f9ba068b/842x480/video.m3u8,480p,surrit.com
https://missav123.com/dm29/en/jux-816-uncensored-leak,,https://surrit.com/49f8f259-f610-404a-b1dd-9880f9ba068b/playlist.m3u8,playlist,surrit.com
https://missav123.com/dm3/en/sone-228-uncensored-leak,,https://surrit.com/8882e326-0ddb-4924-a481-d84f823a1b38/1080p/video.m3u8,1080p,surrit.com
https://missav123.com/dm3/en/sone-228-uncensored-leak,,https://surrit.com/8882e326-0ddb-4924-a481-d84f823a1b38/720p/video.m3u8,720p,surrit.com
https://missav123.com/dm3/en/sone-228-uncensored-leak,,https://surrit.com/8882e326-0ddb-4924-a481-d84f823a1b38/playlist.m3u8,playlist,surrit.com
https://missav123.com/dm30/en/sone-479-uncensored-leak,,https://surrit.com/0b7b1e14-8dec-4290-9a7d-ae8a32942aee/1080p/video.m3u8,1080p,surrit.com
https://missav123.com/dm30/en/sone-479-uncensored-leak,,https://surrit.com/0b7b1e14-8dec-4290-9a7d-ae8a32942aee/720p/video.m3u8,720p,surrit.com
https://missav123.com/dm30/en/sone-479-uncensored-leak,,https://surrit.com/0b7b1e14-8dec-4290-9a7d-ae8a32942aee/playlist.m3u8,playlist,surrit.com
https://missav123.com/dm31/en/ebwh-084-uncensored-leak,,https://surrit.com/3b98cab6-237f-4e3d-9bdb-559a9d8e8eec/1080p/video.m3u8,1080p,surrit.com
https://missav123.com/dm31/en/ebwh-084-uncensored-leak,,https://surrit.com/3b98cab6-237f-4e3d-9bdb-559a9d8e8eec/720p/video.m3u8,720p,surrit.com
https://missav123.com/dm31/en/ebwh-084-uncensored-leak,,https://surrit.com/3b98cab6-237f-4e3d-9bdb-559a9d8e8eec/playlist.m3u8,playlist,surrit.com
https://missav123.com/dm31/en/fc2-ppv-2430778,,https://surrit.com/2951af4d-d04e-42fc-8ed6-a1665599fc51/1280x720/video.m3u8,720p,surrit.com
https://missav123.com/dm31/en/fc2-ppv-2430778,,https://surrit.com/2951af4d-d04e-42fc-8ed6-a1665599fc51/842x480/video.m3u8,480p,surrit.com
https://missav123.com/dm31/en/fc2-ppv-2430778,,https://surrit.com/2951af4d-d04e-42fc-8ed6-a1665599fc51/playlist.m3u8,playlist,surrit.com
https://missav123.com/dm31/en/ipzz-492-uncensored-leak,,https://surrit.com/b02d4687-958f-4cf4-9986-56fbdfc1197b/1080p/video.m3u8,1080p,surrit.com
https://missav123.com/dm31/en/ipzz-492-uncensored-leak,,https://surrit.com/b02d4687-958f-4cf4-9986-56fbdfc1197b/720p/video.m3u8,720p,surrit.com
https://missav123.com/dm31/en/ipzz-492-uncensored-leak,,https://surrit.com/b02d4687-958f-4cf4-9986-56fbdfc1197b/playlist.m3u8,playlist,surrit.com
https://missav123.com/dm32/en/juq-988-uncensored-leak,,https://surrit.com/91a89dce-305b-4c24-bfa0-2e87cb39b465/1080p/video.m3u8,1080p,surrit.com
https://missav123.com/dm32/en/juq-988-uncensored-leak,,https://surrit.com/91a89dce-305b-4c24-bfa0-2e87cb39b465/720p/video.m3u8,720p,surrit.com
https://missav123.com/dm32/en/juq-988-uncensored-leak,,https://surrit.com/91a89dce-305b-4c24-bfa0-2e87cb39b465/playlist.m3u8,playlist,surrit.com
https://missav123.com/dm36/en/ssni-799-uncensored-leak,,https://surrit.com/535e3314-fb11-48cd-bcdf-c5066bbc3265/1280x720/video.m3u8,720p,surrit.com
https://missav123.com/dm36/en/ssni-799-uncensored-leak,,https://surrit.com/535e3314-fb11-48cd-bcdf-c5066bbc3265/842x480/video.m3u8,480p,surrit.com
https://missav123.com/dm36/en/ssni-799-uncensored-leak,,https://surrit.com/535e3314-fb11-48cd-bcdf-c5066bbc3265/playlist.m3u8,playlist,surrit.com
https://missav123.com/dm4/en/aarm-250-uncensored-leak,,https://surrit.com/1c25585d-2d21-4aed-9326-d0b9dc624867/1080p/video.m3u8,1080p,surrit.com
https://missav123.com/dm4/en/aarm-250-uncensored-leak,,https://surrit.com/1c25585d-2d21-4aed-9326-d0b9dc624867/720p/video.m3u8,720p,surrit.com
https://missav123.com/dm4/en/aarm-250-uncensored-leak,,https://surrit.com/1c25585d-2d21-4aed-9326-d0b9dc624867/playlist.m3u8,playlist,surrit.com
https://missav123.com/dm4/en/hez-756-uncensored-leak,,https://surrit.com/f2b30bf8-a855-40cf-b243-31ee67be28bb/1080p/video.m3u8,1080p,surrit.com
https://missav123.com/dm4/en/hez-756-uncensored-leak,,https://surrit.com/f2b30bf8-a855-40cf-b243-31ee67be28bb/720p/video.m3u8,720p,surrit.com
https://missav123.com/dm4/en/hez-756-uncensored-leak,,https://surrit.com/f2b30bf8-a855-40cf-b243-31ee67be28bb/playlist.m3u8,playlist,surrit.com
https://missav123.com/dm40/en/jul-792-uncensored-leak,,https://surrit.com/23d6cd0b-e5cc-4e01-9b86-dd513c608980/1280x720/video.m3u8,720p,surrit.com
https://missav123.com/dm40/en/jul-792-uncensored-leak,,https://surrit.com/23d6cd0b-e5cc-4e01-9b86-dd513c608980/842x480/video.m3u8,480p,surrit.com
https://missav123.com/dm40/en/jul-792-uncensored-leak,,https://surrit.com/23d6cd0b-e5cc-4e01-9b86-dd513c608980/playlist.m3u8,playlist,surrit.com
https://missav123.com/dm41/en/miaa-430-uncensored-leak,,https://surrit.com/9191b376-a3e0-40b8-81f7-9caac78c24d7/720p/video.m3u8,720p,surrit.com
https://missav123.com/dm41/en/miaa-430-uncensored-leak,,https://surrit.com/9191b376-a3e0-40b8-81f7-9caac78c24d7/playlist.m3u8,playlist,surrit.com
https://missav123.com/dm42/en/adn-516-uncensored-leak,,https://surrit.com/41fa7b4d-95ec-47c8-9fe8-08cd10a7f1cc/1280x720/video.m3u8,720p,surrit.com
https://missav123.com/dm42/en/adn-516-uncensored-leak,,https://surrit.com/41fa7b4d-95ec-47c8-9fe8-08cd10a7f1cc/842x480/video.m3u8,480p,surrit.com
https://missav123.com/dm42/en/adn-516-uncensored-leak,,https://surrit.com/41fa7b4d-95ec-47c8-9fe8-08cd10a7f1cc/playlist.m3u8,playlist,surrit.com
https://missav123.com/dm44/en/juq-797-uncensored-leak,,https://surrit.com/79b4d812-ba52-4849-a270-25b8557f557a/1080p/video.m3u8,1080p,surrit.com
https://missav123.com/dm44/en/juq-797-uncensored-leak,,https://surrit.com/79b4d812-ba52-4849-a270-25b8557f557a/720p/video.m3u8,720p,surrit.com
https://missav123.com/dm44/en/juq-797-uncensored-leak,,https://surrit.com/79b4d812-ba52-4849-a270-25b8557f557a/playlist.m3u8,playlist,surrit.com
https://missav123.com/dm44/en/same-090-uncensored-leak,,https://surrit.com/56855da2-32c7-4ef7-bdf4-3bbcd7f66b42/1280x720/video.m3u8,720p,surrit.com
https://missav123.com/dm44/en/same-090-uncensored-leak,,https://surrit.com/56855da2-32c7-4ef7-bdf4-3bbcd7f66b42/842x480/video.m3u8,480p,surrit.com
https://missav123.com/dm44/en/same-090-uncensored-leak,,https://surrit.com/56855da2-32c7-4ef7-bdf4-3bbcd7f66b42/playlist.m3u8,playlist,surrit.com
https://missav123.com/dm46/en/sone-499-uncensored-leak,,https://surrit.com/7a8e83b8-3e0b-4e5d-9ffc-d49e04f4493b/1080p/video.m3u8,1080p,surrit.com
https://missav123.com/dm46/en/sone-499-uncensored-leak,,https://surrit.com/7a8e83b8-3e0b-4e5d-9ffc-d49e04f4493b/720p/video.m3u8,720p,surrit.com
https://missav123.com/dm46/en/sone-499-uncensored-leak,,https://surrit.com/7a8e83b8-3e0b-4e5d-9ffc-d49e04f4493b/playlist.m3u8,playlist,surrit.com
https://missav123.com/dm49/en/ipzz-188-uncensored-leak,,https://surrit.com/135742e7-180f-48ff-9583-0c9d944c8fa7/1280x720/video.m3u8,720p,surrit.com
https://missav123.com/dm49/en/ipzz-188-uncensored-leak,,https://surrit.com/135742e7-180f-48ff-9583-0c9d944c8fa7/842x480/video.m3u8,480p,surrit.com
https://missav123.com/dm49/en/ipzz-188-uncensored-leak,,https://surrit.com/135742e7-180f-48ff-9583-0c9d944c8fa7/playlist.m3u8,playlist,surrit.com
https://missav123.com/dm5/en/fjin-058-uncensored-leak,,https://surrit.com/49194005-09fc-46a4-a188-5e67b4bde9f7/1080p/video.m3u8,1080p,surrit.com
https://missav123.com/dm5/en/fjin-058-uncensored-leak,,https://surrit.com/49194005-09fc-46a4-a188-5e67b4bde9f7/720p/video.m3u8,720p,surrit.com
https://missav123.com/dm5/en/fjin-058-uncensored-leak,,https://surrit.com/49194005-09fc-46a4-a188-5e67b4bde9f7/playlist.m3u8,playlist,surrit.com
https://missav123.com/dm5/en/homa-095-uncensored-leak,,https://surrit.com/9c548864-0bdf-48e4-ba88-55917d4672e1/1080p/video.m3u8,1080p,surrit.com
https://missav123.com/dm5/en/homa-095-uncensored-leak,,https://surrit.com/9c548864-0bdf-48e4-ba88-55917d4672e1/720p/video.m3u8,720p,surrit.com
https://missav123.com/dm5/en/homa-095-uncensored-leak,,https://surrit.com/9c548864-0bdf-48e4-ba88-55917d4672e1/playlist.m3u8,playlist,surrit.com
https://missav123.com/dm51/en/ure-055-uncensored-leak,,https://surrit.com/194b555f-fa50-443b-a478-5b2c1f45f858/1280x720/video.m3u8,720p,surrit.com
https://missav123.com/dm51/en/ure-055-uncensored-leak,,https://surrit.com/194b555f-fa50-443b-a478-5b2c1f45f858/842x480/video.m3u8,480p,surrit.com
https://missav123.com/dm51/en/ure-055-uncensored-leak,,https://surrit.com/194b555f-fa50-443b-a478-5b2c1f45f858/playlist.m3u8,playlist,surrit.com
https://missav123.com/dm52/en/ssis-211-uncensored-leak,,https://surrit.com/34a37cfb-b167-4fc5-a389-97f7af280a92/1280x720/video.m3u8,720p,surrit.com
https://missav123.com/dm52/en/ssis-211-uncensored-leak,,https://surrit.com/34a37cfb-b167-4fc5-a389-97f7af280a92/842x480/video.m3u8,480p,surrit.com
https://missav123.com/dm52/en/ssis-211-uncensored-leak,,https://surrit.com/34a37cfb-b167-4fc5-a389-97f7af280a92/playlist.m3u8,playlist,surrit.com
https://missav123.com/dm53/en/sone-248-uncensored-leak,,https://surrit.com/8ffc7c34-4712-48ab-9fee-66d8b148f33e/1080p/video.m3u8,1080p,surrit.com
https://missav123.com/dm53/en/sone-248-uncensored-leak,,https://surrit.com/8ffc7c34-4712-48ab-9fee-66d8b148f33e/720p/video.m3u8,720p,surrit.com
https://missav123.com/dm53/en/sone-248-uncensored-leak,,https://surrit.com/8ffc7c34-4712-48ab-9fee-66d8b148f33e/playlist.m3u8,playlist,surrit.com
https://missav123.com/dm53/en/ssis-221-uncensored-leak,,https://surrit.com/b658fe14-ee7e-4d67-809b-5a3f4d2ef412/1280x720/video.m3u8,720p,surrit.com
https://missav123.com/dm53/en/ssis-221-uncensored-leak,,https://surrit.com/b658fe14-ee7e-4d67-809b-5a3f4d2ef412/842x480/video.m3u8,480p,surrit.com
https://missav123.com/dm53/en/ssis-221-uncensored-leak,,https://surrit.com/b658fe14-ee7e-4d67-809b-5a3f4d2ef412/playlist.m3u8,playlist,surrit.com
https://missav123.com/dm53/en/ssis-978-uncensored-leak,,https://surrit.com/fe951eee-6213-4f90-a81a-ac947b0f2eb1/1280x720/video.m3u8,720p,surrit.com
https://missav123.com/dm53/en/ssis-978-uncensored-leak,,https://surrit.com/fe951eee-6213-4f90-a81a-ac947b0f2eb1/842x480/video.m3u8,480p,surrit.com
https://missav123.com/dm53/en/ssis-978-uncensored-leak,,https://surrit.com/fe951eee-6213-4f90-a81a-ac947b0f2eb1/playlist.m3u8,playlist,surrit.com
https://missav123.com/dm54/en/juq-321-uncensored-leak,,https://surrit.com/da62e1fa-2e1a-451f-9db5-a85b64072a3c/1280x720/video.m3u8,720p,surrit.com
https://missav123.com/dm54/en/juq-321-uncensored-leak,,https://surrit.com/da62e1fa-2e1a-451f-9db5-a85b64072a3c/842x480/video.m3u8,480p,surrit.com
https://missav123.com/dm54/en/juq-321-uncensored-leak,,https://surrit.com/da62e1fa-2e1a-451f-9db5-a85b64072a3c/playlist.m3u8,playlist,surrit.com
https://missav123.com/dm54/en/ssni-822-uncensored-leak,,https://surrit.com/4edfc1b9-f206-4c50-867c-6b953201343a/1280x720/video.m3u8,720p,surrit.com
https://missav123.com/dm54/en/ssni-822-uncensored-leak,,https://surrit.com/4edfc1b9-f206-4c50-867c-6b953201343a/842x480/video.m3u8,480p,surrit.com
https://missav123.com/dm54/en/ssni-822-uncensored-leak,,https://surrit.com/4edfc1b9-f206-4c50-867c-6b953201343a/playlist.m3u8,playlist,surrit.com
https://missav123.com/dm56/en/cawd-658-uncensored-leak,,https://surrit.com/6371738f-3d77-46ce-9662-93135307e5b3/1080p/video.m3u8,1080p,surrit.com
https://missav123.com/dm56/en/cawd-658-uncensored-leak,,https://surrit.com/6371738f-3d77-46ce-9662-93135307e5b3/720p/video.m3u8,720p,surrit.com
https://missav123.com/dm56/en/cawd-658-uncensored-leak,,https://surrit.com/6371738f-3d77-46ce-9662-93135307e5b3/playlist.m3u8,playlist,surrit.com
https://missav123.com/dm56/en/midv-615-uncensored-leak,,https://surrit.com/43b4ebdc-997b-409c-8083-0426a3121a5e/1280x720/video.m3u8,720p,surrit.com
https://missav123.com/dm56/en/midv-615-uncensored-leak,,https://surrit.com/43b4ebdc-997b-409c-8083-0426a3121a5e/842x480/video.m3u8,480p,surrit.com
https://missav123.com/dm56/en/midv-615-uncensored-leak,,https://surrit.com/43b4ebdc-997b-409c-8083-0426a3121a5e/playlist.m3u8,playlist,surrit.com
https://missav123.com/dm57/en/ssni-977-uncensored-leak,,https://surrit.com/cd5c074a-0817-439c-b600-407a6a648103/1080p/video.m3u8,1080p,surrit.com
https://missav123.com/dm57/en/ssni-977-uncensored-leak,,https://surrit.com/cd5c074a-0817-439c-b600-407a6a648103/720p/video.m3u8,720p,surrit.com
https://missav123.com/dm57/en/ssni-977-uncensored-leak,,https://surrit.com/cd5c074a-0817-439c-b600-407a6a648103/playlist.m3u8,playlist,surrit.com
https://missav123.com/dm59/en/meyd-893-uncensored-leak,,https://surrit.com/bbb333b9-c2f9-45f6-acfc-0acfbeb92a22/1080p/video.m3u8,1080p,surrit.com
https://missav123.com/dm59/en/meyd-893-uncensored-leak,,https://surrit.com/bbb333b9-c2f9-45f6-acfc-0acfbeb92a22/720p/video.m3u8,720p,surrit.com
https://missav123.com/dm59/en/meyd-893-uncensored-leak,,https://surrit.com/bbb333b9-c2f9-45f6-acfc-0acfbeb92a22/playlist.m3u8,playlist,surrit.com
https://missav123.com/dm60/en/juq-982-uncensored-leak,,https://surrit.com/931eb7dc-8ae4-4fa3-868e-f1dd8046014c/720p/video.m3u8,720p,surrit.com
https://missav123.com/dm60/en/juq-982-uncensored-leak,,https://surrit.com/931eb7dc-8ae4-4fa3-868e-f1dd8046014c/playlist.m3u8,playlist,surrit.com
https://missav123.com/dm62/en/nima-030-uncensored-leak,,https://surrit.com/3f7f7b6e-2db7-4d15-9f1c-a15ac4937cca/1080p/video.m3u8,1080p,surrit.com
https://missav123.com/dm62/en/nima-030-uncensored-leak,,https://surrit.com/3f7f7b6e-2db7-4d15-9f1c-a15ac4937cca/720p/video.m3u8,720p,surrit.com
https://missav123.com/dm62/en/nima-030-uncensored-leak,,https://surrit.com/3f7f7b6e-2db7-4d15-9f1c-a15ac4937cca/playlist.m3u8,playlist,surrit.com
https://missav123.com/dm65/en/ipx-758-uncensored-leak,,https://surrit.com/a53c2489-24d6-48e5-aa5f-06085f18fed3/1280x720/video.m3u8,720p,surrit.com
https://missav123.com/dm65/en/ipx-758-uncensored-leak,,https://surrit.com/a53c2489-24d6-48e5-aa5f-06085f18fed3/842x480/video.m3u8,480p,surrit.com
https://missav123.com/dm65/en/ipx-758-uncensored-leak,,https://surrit.com/a53c2489-24d6-48e5-aa5f-06085f18fed3/playlist.m3u8,playlist,surrit.com
https://missav123.com/dm65/en/ssis-306-uncensored-leak,,https://surrit.com/30558968-a5f4-4608-ae8e-cf7134bc0ede/1280x720/video.m3u8,720p,surrit.com
https://missav123.com/dm65/en/ssis-306-uncensored-leak,,https://surrit.com/30558968-a5f4-4608-ae8e-cf7134bc0ede/842x480/video.m3u8,480p,surrit.com
https://missav123.com/dm65/en/ssis-306-uncensored-leak,,https://surrit.com/30558968-a5f4-4608-ae8e-cf7134bc0ede/playlist.m3u8,playlist,surrit.com
https://missav123.com/dm66/en/ipzz-153-uncensored-leak,,https://surrit.com/d1450139-a732-4842-b012-b0612b8c5a7e/1280x720/video.m3u8,720p,surrit.com
https://missav123.com/dm66/en/ipzz-153-uncensored-leak,,https://surrit.com/d1450139-a732-4842-b012-b0612b8c5a7e/842x480/video.m3u8,480p,surrit.com
https://missav123.com/dm66/en/ipzz-153-uncensored-leak,,https://surrit.com/d1450139-a732-4842-b012-b0612b8c5a7e/playlist.m3u8,playlist,surrit.com
https://missav123.com/dm67/en/achj-005-uncensored-leak,,https://surrit.com/51e77f82-8d1f-4fde-8b41-53170f001aad/1280x720/video.m3u8,720p,surrit.com
https://missav123.com/dm67/en/achj-005-uncensored-leak,,https://surrit.com/51e77f82-8d1f-4fde-8b41-53170f001aad/842x480/video.m3u8,480p,surrit.com
https://missav123.com/dm67/en/achj-005-uncensored-leak,,https://surrit.com/51e77f82-8d1f-4fde-8b41-53170f001aad/playlist.m3u8,playlist,surrit.com
https://missav123.com/dm69/en/cawd-621-uncensored-leak,,https://surrit.com/fdd9638e-28a0-4d75-9093-e80f0bdbc97f/1280x720/video.m3u8,720p,surrit.com
https://missav123.com/dm69/en/cawd-621-uncensored-leak,,https://surrit.com/fdd9638e-28a0-4d75-9093-e80f0bdbc97f/842x480/video.m3u8,480p,surrit.com
https://missav123.com/dm69/en/cawd-621-uncensored-leak,,https://surrit.com/fdd9638e-28a0-4d75-9093-e80f0bdbc97f/playlist.m3u8,playlist,surrit.com
https://missav123.com/dm69/en/mudr-285-uncensored-leak,,https://surrit.com/93e3a138-ce2a-47f4-b415-2d1ce65feb40/1080p/video.m3u8,1080p,surrit.com
https://missav123.com/dm69/en/mudr-285-uncensored-leak,,https://surrit.com/93e3a138-ce2a-47f4-b415-2d1ce65feb40/720p/video.m3u8,720p,surrit.com
https://missav123.com/dm69/en/mudr-285-uncensored-leak,,https://surrit.com/93e3a138-ce2a-47f4-b415-2d1ce65feb40/playlist.m3u8,playlist,surrit.com
https://missav123.com/dm69/en/ssis-509-uncensored-leak,,https://surrit.com/02966a00-04e2-44cb-b3ee-a57ce5bb9f99/1280x720/video.m3u8,720p,surrit.com
https://missav123.com/dm69/en/ssis-509-uncensored-leak,,https://surrit.com/02966a00-04e2-44cb-b3ee-a57ce5bb9f99/842x480/video.m3u8,480p,surrit.com
https://missav123.com/dm69/en/ssis-509-uncensored-leak,,https://surrit.com/02966a00-04e2-44cb-b3ee-a57ce5bb9f99/playlist.m3u8,playlist,surrit.com
https://missav123.com/dm70/en/ssis-615-uncensored-leak,,https://surrit.com/fa9ac0d8-dfe9-4813-87e0-e52821e4f6e2/1280x720/video.m3u8,720p,surrit.com
https://missav123.com/dm70/en/ssis-615-uncensored-leak,,https://surrit.com/fa9ac0d8-dfe9-4813-87e0-e52821e4f6e2/842x480/video.m3u8,480p,surrit.com
https://missav123.com/dm70/en/ssis-615-uncensored-leak,,https://surrit.com/fa9ac0d8-dfe9-4813-87e0-e52821e4f6e2/playlist.m3u8,playlist,surrit.com
https://missav123.com/dm77/en/midv-229-uncensored-leak,,https://surrit.com/07bae3f6-5c90-40a0-8993-7f49ef16216f/1280x720/video.m3u8,720p,surrit.com
https://missav123.com/dm77/en/midv-229-uncensored-leak,,https://surrit.com/07bae3f6-5c90-40a0-8993-7f49ef16216f/842x480/video.m3u8,480p,surrit.com
https://missav123.com/dm77/en/midv-229-uncensored-leak,,https://surrit.com/07bae3f6-5c90-40a0-8993-7f49ef16216f/playlist.m3u8,playlist,surrit.com
https://missav123.com/dm79/en/ssis-532-uncensored-leak,,https://surrit.com/3b55cdf2-43e7-45f3-9f2a-56ca9768ba8b/1280x720/video.m3u8,720p,surrit.com
https://missav123.com/dm79/en/ssis-532-uncensored-leak,,https://surrit.com/3b55cdf2-43e7-45f3-9f2a-56ca9768ba8b/842x480/video.m3u8,480p,surrit.com
https://missav123.com/dm79/en/ssis-532-uncensored-leak,,https://surrit.com/3b55cdf2-43e7-45f3-9f2a-56ca9768ba8b/playlist.m3u8,playlist,surrit.com
https://missav123.com/dm80/en/ipx-940-uncensored-leak,,https://surrit.com/f35fc5c6-6a97-4392-bb18-8f37b98b804f/1280x720/video.m3u8,720p,surrit.com
https://missav123.com/dm80/en/ipx-940-uncensored-leak,,https://surrit.com/f35fc5c6-6a97-4392-bb18-8f37b98b804f/842x480/video.m3u8,480p,surrit.com
https://missav123.com/dm80/en/ipx-940-uncensored-leak,,https://surrit.com/f35fc5c6-6a97-4392-bb18-8f37b98b804f/playlist.m3u8,playlist,surrit.com
https://missav123.com/dm81/en/midv-223-uncensored-leak,,https://surrit.com/684e5bc4-12f3-4bcc-b7c2-97a933e7ea12/1280x720/video.m3u8,720p,surrit.com
https://missav123.com/dm81/en/midv-223-uncensored-leak,,https://surrit.com/684e5bc4-12f3-4bcc-b7c2-97a933e7ea12/842x480/video.m3u8,480p,surrit.com
https://missav123.com/dm81/en/midv-223-uncensored-leak,,https://surrit.com/684e5bc4-12f3-4bcc-b7c2-97a933e7ea12/playlist.m3u8,playlist,surrit.com
https://missav123.com/dm82/en/ebod-895-uncensored-leak,,https://surrit.com/c5fd07a3-668f-4f4c-975a-be30178fe973/1280x720/video.m3u8,720p,surrit.com
https://missav123.com/dm82/en/ebod-895-uncensored-leak,,https://surrit.com/c5fd07a3-668f-4f4c-975a-be30178fe973/842x480/video.m3u8,480p,surrit.com
https://missav123.com/dm82/en/ebod-895-uncensored-leak,,https://surrit.com/c5fd07a3-668f-4f4c-975a-be30178fe973/playlist.m3u8,playlist,surrit.com
https://missav123.com/dm84/en/ipx-934-uncensored-leak,,https://surrit.com/cb8040db-9ccf-43d8-937e-4b1b507ea9f0/1280x720/video.m3u8,720p,surrit.com
https://missav123.com/dm84/en/ipx-934-uncensored-leak,,https://surrit.com/cb8040db-9ccf-43d8-937e-4b1b507ea9f0/842x480/video.m3u8,480p,surrit.com
https://missav123.com/dm84/en/ipx-934-uncensored-leak,,https://surrit.com/cb8040db-9ccf-43d8-937e-4b1b507ea9f0/playlist.m3u8,playlist,surrit.com
https://missav123.com/dm99/en/ipx-974-uncensored-leak,,https://surrit.com/286bc129-e178-41e2-b91e-ecc882ec650d/1280x720/video.m3u8,720p,surrit.com
https://missav123.com/dm99/en/ipx-974-uncensored-leak,,https://surrit.com/286bc129-e178-41e2-b91e-ecc882ec650d/842x480/video.m3u8,480p,surrit.com
https://missav123.com/dm99/en/ipx-974-uncensored-leak,,https://surrit.com/286bc129-e178-41e2-b91e-ecc882ec650d/playlist.m3u8,playlist,surrit.com
https://missav123.com/en/abf-187-uncensored-leak,,https://surrit.com/b0748bca-40f7-4433-8d59-aea5a94fa20e/1080p/video.m3u8,1080p,surrit.com
https://missav123.com/en/abf-187-uncensored-leak,,https://surrit.com/b0748bca-40f7-4433-8d59-aea5a94fa20e/720p/video.m3u8,720p,surrit.com
https://missav123.com/en/abf-187-uncensored-leak,,https://surrit.com/b0748bca-40f7-4433-8d59-aea5a94fa20e/playlist.m3u8,playlist,surrit.com
https://missav123.com/en/abf-226-english-subtitle,,https://surrit.com/fff1c2af-e685-4bca-8aa4-9345e88c7bf2/1080p/video.m3u8,1080p,surrit.com
https://missav123.com/en/abf-226-english-subtitle,,https://surrit.com/fff1c2af-e685-4bca-8aa4-9345e88c7bf2/720p/video.m3u8,720p,surrit.com
https://missav123.com/en/abf-226-english-subtitle,,https://surrit.com/fff1c2af-e685-4bca-8aa4-9345e88c7bf2/playlist.m3u8,playlist,surrit.com
https://missav123.com/en/adn-655-english-subtitle,,https://surrit.com/4373b90e-012a-40bc-a4f4-014fd160155e/1080p/video.m3u8,1080p,surrit.com
https://missav123.com/en/adn-655-english-subtitle,,https://surrit.com/4373b90e-012a-40bc-a4f4-014fd160155e/720p/video.m3u8,720p,surrit.com
https://missav123.com/en/adn-655-english-subtitle,,https://surrit.com/4373b90e-012a-40bc-a4f4-014fd160155e/playlist.m3u8,playlist,surrit.com
https://missav123.com/en/adn-659-english-subtitle,,https://surrit.com/75208269-328e-489a-a849-8e2af4e0ebaf/1080p/video.m3u8,1080p,surrit.com
https://missav123.com/en/adn-659-english-subtitle,,https://surrit.com/75208269-328e-489a-a849-8e2af4e0ebaf/720p/video.m3u8,720p,surrit.com
https://missav123.com/en/adn-659-english-subtitle,,https://surrit.com/75208269-328e-489a-a849-8e2af4e0ebaf/playlist.m3u8,playlist,surrit.com
https://missav123.com/en/adn-663-uncensored-leak,,https://surrit.com/e3e0878f-3607-42ee-95e1-1eda571d961a/1080p/video.m3u8,1080p,surrit.com
https://missav123.com/en/adn-663-uncensored-leak,,https://surrit.com/e3e0878f-3607-42ee-95e1-1eda571d961a/720p/video.m3u8,720p,surrit.com
https://missav123.com/en/adn-663-uncensored-leak,,https://surrit.com/e3e0878f-3607-42ee-95e1-1eda571d961a/playlist.m3u8,playlist,surrit.com
https://missav123.com/en/adn-664-english-subtitle,,https://surrit.com/ded092d8-a6ba-463d-9851-e2b9e38e711d/1080p/video.m3u8,1080p,surrit.com
https://missav123.com/en/adn-664-english-subtitle,,https://surrit.com/ded092d8-a6ba-463d-9851-e2b9e38e711d/720p/video.m3u8,720p,surrit.com
https://missav123.com/en/adn-664-english-subtitle,,https://surrit.com/ded092d8-a6ba-463d-9851-e2b9e38e711d/playlist.m3u8,playlist,surrit.com
https://missav123.com/en/apkh-196-uncensored-leak,,https://surrit.com/0f724fee-b69b-45aa-9391-7eb0e493429e/1080p/video.m3u8,1080p,surrit.com
https://missav123.com/en/apkh-196-uncensored-leak,,https://surrit.com/0f724fee-b69b-45aa-9391-7eb0e493429e/720p/video.m3u8,720p,surrit.com
https://missav123.com/en/apkh-196-uncensored-leak,,https://surrit.com/0f724fee-b69b-45aa-9391-7eb0e493429e/playlist.m3u8,playlist,surrit.com
https://missav123.com/en/apns-414-uncensored-leak,,https://surrit.com/e7adc895-1015-4cc9-9e89-41e2a960f4f9/1080p/video.m3u8,1080p,surrit.com
https://missav123.com/en/apns-414-uncensored-leak,,https://surrit.com/e7adc895-1015-4cc9-9e89-41e2a960f4f9/720p/video.m3u8,720p,surrit.com
https://missav123.com/en/apns-414-uncensored-leak,,https://surrit.com/e7adc895-1015-4cc9-9e89-41e2a960f4f9/playlist.m3u8,playlist,surrit.com
https://missav123.com/en/dass-566-uncensored-leak,,https://surrit.com/c9582652-3bea-4ec6-b931-e668ba3bff7a/1080p/video.m3u8,1080p,surrit.com
https://missav123.com/en/dass-566-uncensored-leak,,https://surrit.com/c9582652-3bea-4ec6-b931-e668ba3bff7a/720p/video.m3u8,720p,surrit.com
https://missav123.com/en/dass-566-uncensored-leak,,https://surrit.com/c9582652-3bea-4ec6-b931-e668ba3bff7a/playlist.m3u8,playlist,surrit.com
https://missav123.com/en/dass-601-uncensored-leak,,https://surrit.com/d26c727e-4b85-44a1-b9c8-78e39246613c/1080p/video.m3u8,1080p,surrit.com
https://missav123.com/en/dass-601-uncensored-leak,,https://surrit.com/d26c727e-4b85-44a1-b9c8-78e39246613c/720p/video.m3u8,720p,surrit.com
https://missav123.com/en/dass-601-uncensored-leak,,https://surrit.com/d26c727e-4b85-44a1-b9c8-78e39246613c/playlist.m3u8,playlist,surrit.com
https://missav123.com/en/dfdm-075-uncensored-leak,,https://surrit.com/26a12408-e664-447b-8654-d623162ba76a/1080p/video.m3u8,1080p,surrit.com
https://missav123.com/en/dfdm-075-uncensored-leak,,https://surrit.com/26a12408-e664-447b-8654-d623162ba76a/720p/video.m3u8,720p,surrit.com
https://missav123.com/en/dfdm-075-uncensored-leak,,https://surrit.com/26a12408-e664-447b-8654-d623162ba76a/playlist.m3u8,playlist,surrit.com
https://missav123.com/en/dfe-115-uncensored-leak,,https://surrit.com/8fb730a1-e1c0-4bb5-8425-acb757d492af/1080p/video.m3u8,1080p,surrit.com
https://missav123.com/en/dfe-115-uncensored-leak,,https://surrit.com/8fb730a1-e1c0-4bb5-8425-acb757d492af/720p/video.m3u8,720p,surrit.com
https://missav123.com/en/dfe-115-uncensored-leak,,https://surrit.com/8fb730a1-e1c0-4bb5-8425-acb757d492af/playlist.m3u8,playlist,surrit.com
https://missav123.com/en/dldss-343-uncensored-leak,,https://surrit.com/3303b244-68e0-4f3e-aafe-3a466e858047/1080p/video.m3u8,1080p,surrit.com
https://missav123.com/en/dldss-343-uncensored-leak,,https://surrit.com/3303b244-68e0-4f3e-aafe-3a466e858047/720p/video.m3u8,720p,surrit.com
https://missav123.com/en/dldss-343-uncensored-leak,,https://surrit.com/3303b244-68e0-4f3e-aafe-3a466e858047/playlist.m3u8,playlist,surrit.com
https://missav123.com/en/dvaj-454-english-subtitle,,https://surrit.com/9d2aae8f-818a-45cf-8e98-7280a1811200/720p/video.m3u8,720p,surrit.com
https://missav123.com/en/dvaj-454-english-subtitle,,https://surrit.com/9d2aae8f-818a-45cf-8e98-7280a1811200/playlist.m3u8,playlist,surrit.com
https://missav123.com/en/dvaj-509-uncensored-leak,,https://surrit.com/d9eb3e1b-5fb0-4c33-bf03-795d587a804f/1080p/video.m3u8,1080p,surrit.com
https://missav123.com/en/dvaj-509-uncensored-leak,,https://surrit.com/d9eb3e1b-5fb0-4c33-bf03-795d587a804f/720p/video.m3u8,720p,surrit.com
https://missav123.com/en/dvaj-509-uncensored-leak,,https://surrit.com/d9eb3e1b-5fb0-4c33-bf03-795d587a804f/playlist.m3u8,playlist,surrit.com
https://missav123.com/en/ebon-006,ebon-006,https://surrit.com/cbdd5482-0fd4-4e0e-bbb9-9be650ff0659/720p/video.m3u8,720p,surrit.com
https://missav123.com/en/ebon-006,ebon-006,https://surrit.com/cbdd5482-0fd4-4e0e-bbb9-9be650ff0659/playlist.m3u8,playlist,surrit.com
https://missav123.com/en/ecb-168-uncensored-leak,,https://surrit.com/eabb4b10-315d-4f72-8d0a-9e31419b70ff/1080p/video.m3u8,1080p,surrit.com
https://missav123.com/en/ecb-168-uncensored-leak,,https://surrit.com/eabb4b10-315d-4f72-8d0a-9e31419b70ff/720p/video.m3u8,720p,surrit.com
https://missav123.com/en/ecb-168-uncensored-leak,,https://surrit.com/eabb4b10-315d-4f72-8d0a-9e31419b70ff/playlist.m3u8,playlist,surrit.com
https://missav123.com/en/fc2-ppv-4587943,,https://surrit.com/d8dfdb5c-fa36-4370-9032-65e1cf5a2b87/720p/video.m3u8,720p,surrit.com
https://missav123.com/en/fc2-ppv-4587943,,https://surrit.com/d8dfdb5c-fa36-4370-9032-65e1cf5a2b87/playlist.m3u8,playlist,surrit.com
https://missav123.com/en/fc2-ppv-4899421,,https://surrit.com/775c1396-c9c6-48a1-b210-bb5ab10a1438/720p/video.m3u8,720p,surrit.com
https://missav123.com/en/fc2-ppv-4899421,,https://surrit.com/775c1396-c9c6-48a1-b210-bb5ab10a1438/playlist.m3u8,playlist,surrit.com
https://missav123.com/en/fc2-ppv-4921616,,https://surrit.com/a2a142f4-72c7-48c9-98d0-8ed94dc9d021/1080p/video.m3u8,1080p,surrit.com
https://missav123.com/en/fc2-ppv-4921616,,https://surrit.com/a2a142f4-72c7-48c9-98d0-8ed94dc9d021/720p/video.m3u8,720p,surrit.com
https://missav123.com/en/fc2-ppv-4921616,,https://surrit.com/a2a142f4-72c7-48c9-98d0-8ed94dc9d021/playlist.m3u8,playlist,surrit.com
https://missav123.com/en/fc2-ppv-4925490,,https://surrit.com/02af1f2d-e852-431c-8e36-56d72e8cd91c/720p/video.m3u8,720p,surrit.com
https://missav123.com/en/fc2-ppv-4925490,,https://surrit.com/02af1f2d-e852-431c-8e36-56d72e8cd91c/playlist.m3u8,playlist,surrit.com
https://missav123.com/en/fc2-ppv-4927689,,https://surrit.com/285bc039-9c6e-44bd-8fc0-d533c5111e04/720p/video.m3u8,720p,surrit.com
https://missav123.com/en/fc2-ppv-4927689,,https://surrit.com/285bc039-9c6e-44bd-8fc0-d533c5111e04/playlist.m3u8,playlist,surrit.com
https://missav123.com/en/fc2-ppv-4928009,,https://surrit.com/d3e3b0b3-a76b-43fb-8bfe-159ce6bcd3d3/480p/video.m3u8,480p,surrit.com
https://missav123.com/en/fc2-ppv-4928009,,https://surrit.com/d3e3b0b3-a76b-43fb-8bfe-159ce6bcd3d3/playlist.m3u8,playlist,surrit.com
https://missav123.com/en/fc2-ppv-4929805,,https://surrit.com/16db4e8f-1689-4117-85cf-67c48acd7112/1080p/video.m3u8,1080p,surrit.com
https://missav123.com/en/fc2-ppv-4929805,,https://surrit.com/16db4e8f-1689-4117-85cf-67c48acd7112/720p/video.m3u8,720p,surrit.com
https://missav123.com/en/fc2-ppv-4929805,,https://surrit.com/16db4e8f-1689-4117-85cf-67c48acd7112/playlist.m3u8,playlist,surrit.com
https://missav123.com/en/fc2-ppv-4930333,,https://surrit.com/280c14b8-4c40-45fb-b681-a81e36aef54b/1080p/video.m3u8,1080p,surrit.com
https://missav123.com/en/fc2-ppv-4930333,,https://surrit.com/280c14b8-4c40-45fb-b681-a81e36aef54b/720p/video.m3u8,720p,surrit.com
https://missav123.com/en/fc2-ppv-4930333,,https://surrit.com/280c14b8-4c40-45fb-b681-a81e36aef54b/playlist.m3u8,playlist,surrit.com
https://missav123.com/en/fc2-ppv-4930466,,https://surrit.com/beb854e5-ed98-4afa-8b2c-15085fdf0148/720p/video.m3u8,720p,surrit.com
https://missav123.com/en/fc2-ppv-4930466,,https://surrit.com/beb854e5-ed98-4afa-8b2c-15085fdf0148/playlist.m3u8,playlist,surrit.com
https://missav123.com/en/fc2-ppv-4930495,,https://surrit.com/1e9acaf1-5db4-4cb7-85a6-c00f71ca06f0/720p/video.m3u8,720p,surrit.com
https://missav123.com/en/fc2-ppv-4930495,,https://surrit.com/1e9acaf1-5db4-4cb7-85a6-c00f71ca06f0/playlist.m3u8,playlist,surrit.com
https://missav123.com/en/fc2-ppv-4930603,,https://surrit.com/cd5e145c-29b7-4a15-b240-d36df9bfedba/720p/video.m3u8,720p,surrit.com
https://missav123.com/en/fc2-ppv-4930603,,https://surrit.com/cd5e145c-29b7-4a15-b240-d36df9bfedba/playlist.m3u8,playlist,surrit.com
https://missav123.com/en/fc2-ppv-4930844,,https://surrit.com/716a3ebb-0c2c-44d4-9bc3-7113a938cb41/720p/video.m3u8,720p,surrit.com
https://missav123.com/en/fc2-ppv-4930844,,https://surrit.com/716a3ebb-0c2c-44d4-9bc3-7113a938cb41/playlist.m3u8,playlist,surrit.com
https://missav123.com/en/fc2-ppv-4931069,,https://surrit.com/1ed526b4-4500-49ee-9c3d-5cfbf9f17827/720p/video.m3u8,720p,surrit.com
https://missav123.com/en/fc2-ppv-4931069,,https://surrit.com/1ed526b4-4500-49ee-9c3d-5cfbf9f17827/playlist.m3u8,playlist,surrit.com
https://missav123.com/en/fns-218-uncensored-leak,,https://surrit.com/3f2a9ec6-72f8-47df-867a-f3dd1db8e119/1080p/video.m3u8,1080p,surrit.com
https://missav123.com/en/fns-218-uncensored-leak,,https://surrit.com/3f2a9ec6-72f8-47df-867a-f3dd1db8e119/720p/video.m3u8,720p,surrit.com
https://missav123.com/en/fns-218-uncensored-leak,,https://surrit.com/3f2a9ec6-72f8-47df-867a-f3dd1db8e119/playlist.m3u8,playlist,surrit.com
https://missav123.com/en/fsdss-687-uncensored-leak,,https://surrit.com/ed2f60af-e8b6-4761-bba0-5a0e5863e2a3/1280x720/video.m3u8,720p,surrit.com
https://missav123.com/en/fsdss-687-uncensored-leak,,https://surrit.com/ed2f60af-e8b6-4761-bba0-5a0e5863e2a3/842x480/video.m3u8,480p,surrit.com
https://missav123.com/en/fsdss-687-uncensored-leak,,https://surrit.com/ed2f60af-e8b6-4761-bba0-5a0e5863e2a3/playlist.m3u8,playlist,surrit.com
https://missav123.com/en/fsdss-856-uncensored-leak,,https://surrit.com/2c4bd602-2cfe-4b6a-b76f-301cdf59e8b5/1080p/video.m3u8,1080p,surrit.com
https://missav123.com/en/fsdss-856-uncensored-leak,,https://surrit.com/2c4bd602-2cfe-4b6a-b76f-301cdf59e8b5/720p/video.m3u8,720p,surrit.com
https://missav123.com/en/fsdss-856-uncensored-leak,,https://surrit.com/2c4bd602-2cfe-4b6a-b76f-301cdf59e8b5/playlist.m3u8,playlist,surrit.com
https://missav123.com/en/fsdss-913-uncensored-leak,,https://surrit.com/0313dd4f-b969-45a2-8762-0c9c1b67dd7a/1080p/video.m3u8,1080p,surrit.com
https://missav123.com/en/fsdss-913-uncensored-leak,,https://surrit.com/0313dd4f-b969-45a2-8762-0c9c1b67dd7a/720p/video.m3u8,720p,surrit.com
https://missav123.com/en/fsdss-913-uncensored-leak,,https://surrit.com/0313dd4f-b969-45a2-8762-0c9c1b67dd7a/playlist.m3u8,playlist,surrit.com
https://missav123.com/en/fsdss-918-uncensored-leak,,https://surrit.com/d549be51-d76d-4eb6-b536-ff35b76758f2/1080p/video.m3u8,1080p,surrit.com
https://missav123.com/en/fsdss-918-uncensored-leak,,https://surrit.com/d549be51-d76d-4eb6-b536-ff35b76758f2/720p/video.m3u8,720p,surrit.com
https://missav123.com/en/fsdss-918-uncensored-leak,,https://surrit.com/d549be51-d76d-4eb6-b536-ff35b76758f2/playlist.m3u8,playlist,surrit.com
https://missav123.com/en/gqn-012-uncensored-leak,,https://surrit.com/2ad30ad4-314a-4faa-b075-4f7b7c1443ee/1080p/video.m3u8,1080p,surrit.com
https://missav123.com/en/gqn-012-uncensored-leak,,https://surrit.com/2ad30ad4-314a-4faa-b075-4f7b7c1443ee/720p/video.m3u8,720p,surrit.com
https://missav123.com/en/gqn-012-uncensored-leak,,https://surrit.com/2ad30ad4-314a-4faa-b075-4f7b7c1443ee/playlist.m3u8,playlist,surrit.com
https://missav123.com/en/gvh-849-uncensored-leak,,https://surrit.com/cef3f2ab-7c48-4e2a-9e0d-5cbb35ea964e/1080p/video.m3u8,1080p,surrit.com
https://missav123.com/en/gvh-849-uncensored-leak,,https://surrit.com/cef3f2ab-7c48-4e2a-9e0d-5cbb35ea964e/720p/video.m3u8,720p,surrit.com
https://missav123.com/en/gvh-849-uncensored-leak,,https://surrit.com/cef3f2ab-7c48-4e2a-9e0d-5cbb35ea964e/playlist.m3u8,playlist,surrit.com
https://missav123.com/en/gvh-850-uncensored-leak,,https://surrit.com/9ee64bd2-cc8c-4797-9969-ae334914acbc/1080p/video.m3u8,1080p,surrit.com
https://missav123.com/en/gvh-850-uncensored-leak,,https://surrit.com/9ee64bd2-cc8c-4797-9969-ae334914acbc/720p/video.m3u8,720p,surrit.com
https://missav123.com/en/gvh-850-uncensored-leak,,https://surrit.com/9ee64bd2-cc8c-4797-9969-ae334914acbc/playlist.m3u8,playlist,surrit.com
https://missav123.com/en/hjmo-676-uncensored-leak,,https://surrit.com/95c3e188-f3ab-438f-93e7-287646a6ad1f/1080p/video.m3u8,1080p,surrit.com
https://missav123.com/en/hjmo-676-uncensored-leak,,https://surrit.com/95c3e188-f3ab-438f-93e7-287646a6ad1f/720p/video.m3u8,720p,surrit.com
https://missav123.com/en/hjmo-676-uncensored-leak,,https://surrit.com/95c3e188-f3ab-438f-93e7-287646a6ad1f/playlist.m3u8,playlist,surrit.com
https://missav123.com/en/hmdnv-935,hmdnv-935,https://surrit.com/ad9c6854-a6ec-488b-83ca-b157e5abfed3/1080p/video.m3u8,1080p,surrit.com
https://missav123.com/en/hmdnv-935,hmdnv-935,https://surrit.com/ad9c6854-a6ec-488b-83ca-b157e5abfed3/720p/video.m3u8,720p,surrit.com
https://missav123.com/en/hmdnv-935,hmdnv-935,https://surrit.com/ad9c6854-a6ec-488b-83ca-b157e5abfed3/playlist.m3u8,playlist,surrit.com
https://missav123.com/en/hsoda-060-uncensored-leak,,https://surrit.com/39d38d75-c119-4b35-8457-d919e49801ba/1080p/video.m3u8,1080p,surrit.com
https://missav123.com/en/hsoda-060-uncensored-leak,,https://surrit.com/39d38d75-c119-4b35-8457-d919e49801ba/720p/video.m3u8,720p,surrit.com
https://missav123.com/en/hsoda-060-uncensored-leak,,https://surrit.com/39d38d75-c119-4b35-8457-d919e49801ba/playlist.m3u8,playlist,surrit.com
https://missav123.com/en/hsoda-061-uncensored-leak,,https://surrit.com/4b3a5644-973b-4353-815d-10b702057919/1080p/video.m3u8,1080p,surrit.com
https://missav123.com/en/hsoda-061-uncensored-leak,,https://surrit.com/4b3a5644-973b-4353-815d-10b702057919/720p/video.m3u8,720p,surrit.com
https://missav123.com/en/hsoda-061-uncensored-leak,,https://surrit.com/4b3a5644-973b-4353-815d-10b702057919/playlist.m3u8,playlist,surrit.com
https://missav123.com/en/htms-119-english-subtitle,,https://surrit.com/733db06a-fb7d-4e66-b3f4-b6435f1f0f79/1080p/video.m3u8,1080p,surrit.com
https://missav123.com/en/htms-119-english-subtitle,,https://surrit.com/733db06a-fb7d-4e66-b3f4-b6435f1f0f79/720p/video.m3u8,720p,surrit.com
https://missav123.com/en/htms-119-english-subtitle,,https://surrit.com/733db06a-fb7d-4e66-b3f4-b6435f1f0f79/playlist.m3u8,playlist,surrit.com
https://missav123.com/en/httm-061,httm-061,https://surrit.com/21cd8176-9f22-4a58-a1c9-dba7fc19cf4d/1080p/video.m3u8,1080p,surrit.com
https://missav123.com/en/httm-061,httm-061,https://surrit.com/21cd8176-9f22-4a58-a1c9-dba7fc19cf4d/720p/video.m3u8,720p,surrit.com
https://missav123.com/en/httm-061,httm-061,https://surrit.com/21cd8176-9f22-4a58-a1c9-dba7fc19cf4d/playlist.m3u8,playlist,surrit.com
https://missav123.com/en/huntc-278-uncensored-leak,,https://surrit.com/8fa6035f-4a57-4b42-9fd0-ac4c2adcec57/1080p/video.m3u8,1080p,surrit.com
https://missav123.com/en/huntc-278-uncensored-leak,,https://surrit.com/8fa6035f-4a57-4b42-9fd0-ac4c2adcec57/720p/video.m3u8,720p,surrit.com
https://missav123.com/en/huntc-278-uncensored-leak,,https://surrit.com/8fa6035f-4a57-4b42-9fd0-ac4c2adcec57/playlist.m3u8,playlist,surrit.com
https://missav123.com/en/huntc-619-uncensored-leak,,https://surrit.com/0c193eb4-09cd-43da-b480-53c44eb7d924/1080p/video.m3u8,1080p,surrit.com
https://missav123.com/en/huntc-619-uncensored-leak,,https://surrit.com/0c193eb4-09cd-43da-b480-53c44eb7d924/720p/video.m3u8,720p,surrit.com
https://missav123.com/en/huntc-619-uncensored-leak,,https://surrit.com/0c193eb4-09cd-43da-b480-53c44eb7d924/playlist.m3u8,480p,surrit.com
https://missav123.com/en/hzgd-299-uncensored-leak,,https://surrit.com/bed0c5c6-1cf9-40a9-b823-b54eb8de90f8/1080p/video.m3u8,1080p,surrit.com
https://missav123.com/en/hzgd-299-uncensored-leak,,https://surrit.com/bed0c5c6-1cf9-40a9-b823-b54eb8de90f8/720p/video.m3u8,720p,surrit.com
https://missav123.com/en/hzgd-299-uncensored-leak,,https://surrit.com/bed0c5c6-1cf9-40a9-b823-b54eb8de90f8/playlist.m3u8,playlist,surrit.com
https://missav123.com/en/ipzz-502-uncensored-leak,,https://surrit.com/88f3037d-73e1-4334-99cf-b361d28775c6/1080p/video.m3u8,1080p,surrit.com
https://missav123.com/en/ipzz-502-uncensored-leak,,https://surrit.com/88f3037d-73e1-4334-99cf-b361d28775c6/720p/video.m3u8,720p,surrit.com
https://missav123.com/en/ipzz-502-uncensored-leak,,https://surrit.com/88f3037d-73e1-4334-99cf-b361d28775c6/playlist.m3u8,playlist,surrit.com
https://missav123.com/en/ipzz-505-uncensored-leak,,https://surrit.com/6483b852-525b-4031-ac91-02637c063770/1080p/video.m3u8,1080p,surrit.com
https://missav123.com/en/ipzz-505-uncensored-leak,,https://surrit.com/6483b852-525b-4031-ac91-02637c063770/720p/video.m3u8,720p,surrit.com
https://missav123.com/en/ipzz-505-uncensored-leak,,https://surrit.com/6483b852-525b-4031-ac91-02637c063770/playlist.m3u8,playlist,surrit.com
https://missav123.com/en/ipzz-507-uncensored-leak,,https://surrit.com/cb8d49c1-0441-4965-8c0c-f15e87a1c07c/1080p/video.m3u8,1080p,surrit.com
https://missav123.com/en/ipzz-507-uncensored-leak,,https://surrit.com/cb8d49c1-0441-4965-8c0c-f15e87a1c07c/720p/video.m3u8,720p,surrit.com
https://missav123.com/en/ipzz-507-uncensored-leak,,https://surrit.com/cb8d49c1-0441-4965-8c0c-f15e87a1c07c/playlist.m3u8,playlist,surrit.com
https://missav123.com/en/ipzz-519-uncensored-leak,,https://surrit.com/1805bdaf-a6c3-4621-9967-8ab283087221/1080p/video.m3u8,1080p,surrit.com
https://missav123.com/en/ipzz-519-uncensored-leak,,https://surrit.com/1805bdaf-a6c3-4621-9967-8ab283087221/720p/video.m3u8,720p,surrit.com
https://missav123.com/en/ipzz-519-uncensored-leak,,https://surrit.com/1805bdaf-a6c3-4621-9967-8ab283087221/playlist.m3u8,playlist,surrit.com
https://missav123.com/en/ipzz-521-uncensored-leak,,https://surrit.com/56eaff1d-78ce-4a27-a1f3-37ef66f069ea/1080p/video.m3u8,1080p,surrit.com
https://missav123.com/en/ipzz-521-uncensored-leak,,https://surrit.com/56eaff1d-78ce-4a27-a1f3-37ef66f069ea/720p/video.m3u8,720p,surrit.com
https://missav123.com/en/ipzz-521-uncensored-leak,,https://surrit.com/56eaff1d-78ce-4a27-a1f3-37ef66f069ea/playlist.m3u8,playlist,surrit.com
https://missav123.com/en/ipzz-564-uncensored-leak,,https://surrit.com/596cffd8-065c-4e2a-a0e2-20affea1f39c/1080p/video.m3u8,1080p,surrit.com
https://missav123.com/en/ipzz-564-uncensored-leak,,https://surrit.com/596cffd8-065c-4e2a-a0e2-20affea1f39c/720p/video.m3u8,720p,surrit.com
https://missav123.com/en/ipzz-564-uncensored-leak,,https://surrit.com/596cffd8-065c-4e2a-a0e2-20affea1f39c/playlist.m3u8,playlist,surrit.com
https://missav123.com/en/jimmy-002,jimmy-002,https://surrit.com/3ccadafc-f0d6-4a1c-8856-ddfd6c6c7e38/1080p/video.m3u8,1080p,surrit.com
https://missav123.com/en/jimmy-002,jimmy-002,https://surrit.com/3ccadafc-f0d6-4a1c-8856-ddfd6c6c7e38/720p/video.m3u8,720p,surrit.com
https://missav123.com/en/jimmy-002,jimmy-002,https://surrit.com/3ccadafc-f0d6-4a1c-8856-ddfd6c6c7e38/playlist.m3u8,playlist,surrit.com
https://missav123.com/en/jul-211-uncensored-leak,,https://surrit.com/722b4fe7-2b03-4a73-b7aa-2d6d360274ff/1080p/video.m3u8,1080p,surrit.com
https://missav123.com/en/jul-211-uncensored-leak,,https://surrit.com/722b4fe7-2b03-4a73-b7aa-2d6d360274ff/720p/video.m3u8,720p,surrit.com
https://missav123.com/en/jul-211-uncensored-leak,,https://surrit.com/722b4fe7-2b03-4a73-b7aa-2d6d360274ff/playlist.m3u8,playlist,surrit.com
https://missav123.com/en/jur-024-uncensored-leak,,https://surrit.com/456eff49-dd29-4ccc-b50b-c832525c94a4/1080p/video.m3u8,1080p,surrit.com
https://missav123.com/en/jur-024-uncensored-leak,,https://surrit.com/456eff49-dd29-4ccc-b50b-c832525c94a4/720p/video.m3u8,720p,surrit.com
https://missav123.com/en/jur-024-uncensored-leak,,https://surrit.com/456eff49-dd29-4ccc-b50b-c832525c94a4/playlist.m3u8,playlist,surrit.com
https://missav123.com/en/jur-033-uncensored-leak,,https://surrit.com/d7143a6a-72e9-49d0-aa16-f605c65d554d/1080p/video.m3u8,1080p,surrit.com
https://missav123.com/en/jur-033-uncensored-leak,,https://surrit.com/d7143a6a-72e9-49d0-aa16-f605c65d554d/720p/video.m3u8,720p,surrit.com
https://missav123.com/en/jur-033-uncensored-leak,,https://surrit.com/d7143a6a-72e9-49d0-aa16-f605c65d554d/playlist.m3u8,playlist,surrit.com
https://missav123.com/en/jur-094-uncensored-leak,,https://surrit.com/802e74b1-e9d7-4156-93ce-b25bcff7d2ca/1080p/video.m3u8,1080p,surrit.com
https://missav123.com/en/jur-094-uncensored-leak,,https://surrit.com/802e74b1-e9d7-4156-93ce-b25bcff7d2ca/720p/video.m3u8,720p,surrit.com
https://missav123.com/en/jur-094-uncensored-leak,,https://surrit.com/802e74b1-e9d7-4156-93ce-b25bcff7d2ca/playlist.m3u8,playlist,surrit.com
https://missav123.com/en/jur-161-uncensored-leak,,https://surrit.com/112eb181-2336-4f61-9613-85651f328211/1080p/video.m3u8,1080p,surrit.com
https://missav123.com/en/jur-161-uncensored-leak,,https://surrit.com/112eb181-2336-4f61-9613-85651f328211/720p/video.m3u8,720p,surrit.com
https://missav123.com/en/jur-161-uncensored-leak,,https://surrit.com/112eb181-2336-4f61-9613-85651f328211/playlist.m3u8,playlist,surrit.com
https://missav123.com/en/jur-186-uncensored-leak,,https://surrit.com/5072e85a-8a72-454f-80f0-cb2f7b813557/720p/video.m3u8,720p,surrit.com
https://missav123.com/en/jur-186-uncensored-leak,,https://surrit.com/5072e85a-8a72-454f-80f0-cb2f7b813557/playlist.m3u8,playlist,surrit.com
https://missav123.com/en/jur-194-uncensored-leak,,https://surrit.com/050b929c-33f5-4359-8f5f-a3b1b2ab63a4/1080p/video.m3u8,1080p,surrit.com
https://missav123.com/en/jur-194-uncensored-leak,,https://surrit.com/050b929c-33f5-4359-8f5f-a3b1b2ab63a4/720p/video.m3u8,720p,surrit.com
https://missav123.com/en/jur-194-uncensored-leak,,https://surrit.com/050b929c-33f5-4359-8f5f-a3b1b2ab63a4/playlist.m3u8,playlist,surrit.com
https://missav123.com/en/jur-240-uncensored-leak,,https://surrit.com/dbbd501c-59ec-4dfe-a4ae-9156102c0965/1080p/video.m3u8,1080p,surrit.com
https://missav123.com/en/jur-240-uncensored-leak,,https://surrit.com/dbbd501c-59ec-4dfe-a4ae-9156102c0965/720p/video.m3u8,720p,surrit.com
https://missav123.com/en/jur-240-uncensored-leak,,https://surrit.com/dbbd501c-59ec-4dfe-a4ae-9156102c0965/playlist.m3u8,playlist,surrit.com
https://missav123.com/en/jur-244-uncensored-leak,,https://surrit.com/b23cfb71-a34c-4dfb-846f-acf8e4b9a470/1080p/video.m3u8,1080p,surrit.com
https://missav123.com/en/jur-244-uncensored-leak,,https://surrit.com/b23cfb71-a34c-4dfb-846f-acf8e4b9a470/720p/video.m3u8,720p,surrit.com
https://missav123.com/en/jur-244-uncensored-leak,,https://surrit.com/b23cfb71-a34c-4dfb-846f-acf8e4b9a470/playlist.m3u8,playlist,surrit.com
https://missav123.com/en/jur-263-uncensored-leak,,https://surrit.com/d483b855-4121-4a52-b684-d9ef4778653d/1080p/video.m3u8,1080p,surrit.com
https://missav123.com/en/jur-263-uncensored-leak,,https://surrit.com/d483b855-4121-4a52-b684-d9ef4778653d/720p/video.m3u8,720p,surrit.com
https://missav123.com/en/jur-263-uncensored-leak,,https://surrit.com/d483b855-4121-4a52-b684-d9ef4778653d/playlist.m3u8,playlist,surrit.com
https://missav123.com/en/jur-502-english-subtitle,,https://surrit.com/b096c3f8-c866-4238-b3e1-000c0574f285/1080p/video.m3u8,1080p,surrit.com
https://missav123.com/en/jur-502-english-subtitle,,https://surrit.com/b096c3f8-c866-4238-b3e1-000c0574f285/720p/video.m3u8,720p,surrit.com
https://missav123.com/en/jur-502-english-subtitle,,https://surrit.com/b096c3f8-c866-4238-b3e1-000c0574f285/playlist.m3u8,playlist,surrit.com
https://missav123.com/en/jur-734-uncensored-leak,,https://surrit.com/a2855994-41f8-4f84-a4fc-10d0f9223453/1080p/video.m3u8,1080p,surrit.com
https://missav123.com/en/jur-734-uncensored-leak,,https://surrit.com/a2855994-41f8-4f84-a4fc-10d0f9223453/720p/video.m3u8,720p,surrit.com
https://missav123.com/en/jur-734-uncensored-leak,,https://surrit.com/a2855994-41f8-4f84-a4fc-10d0f9223453/playlist.m3u8,playlist,surrit.com
https://missav123.com/en/jur-762-uncensored-leak,,https://surrit.com/97025b32-3d26-4dcb-ada0-bdf49c15b8e6/1080p/video.m3u8,1080p,surrit.com
https://missav123.com/en/jur-762-uncensored-leak,,https://surrit.com/97025b32-3d26-4dcb-ada0-bdf49c15b8e6/720p/video.m3u8,720p,surrit.com
https://missav123.com/en/jur-762-uncensored-leak,,https://surrit.com/97025b32-3d26-4dcb-ada0-bdf49c15b8e6/playlist.m3u8,playlist,surrit.com
https://missav123.com/en/jur-764-uncensored-leak,,https://surrit.com/fffb5ad6-480a-4721-a9a9-c03e11cd597e/1080p/video.m3u8,1080p,surrit.com
https://missav123.com/en/jur-764-uncensored-leak,,https://surrit.com/fffb5ad6-480a-4721-a9a9-c03e11cd597e/720p/video.m3u8,720p,surrit.com
https://missav123.com/en/jur-764-uncensored-leak,,https://surrit.com/fffb5ad6-480a-4721-a9a9-c03e11cd597e/playlist.m3u8,480p,surrit.com
https://missav123.com/en/kuse-043-uncensored-leak,,https://surrit.com/9003161a-ceba-4857-bcfc-e79f2cce775d/1080p/video.m3u8,1080p,surrit.com
https://missav123.com/en/kuse-043-uncensored-leak,,https://surrit.com/9003161a-ceba-4857-bcfc-e79f2cce775d/720p/video.m3u8,720p,surrit.com
https://missav123.com/en/kuse-043-uncensored-leak,,https://surrit.com/9003161a-ceba-4857-bcfc-e79f2cce775d/playlist.m3u8,playlist,surrit.com
https://missav123.com/en/lvsc-011,lvsc-011,https://surrit.com/d4f08ec3-df98-4cd5-b626-3d0d7add93e2/1080p/video.m3u8,1080p,surrit.com
https://missav123.com/en/lvsc-011,lvsc-011,https://surrit.com/d4f08ec3-df98-4cd5-b626-3d0d7add93e2/720p/video.m3u8,720p,surrit.com
https://missav123.com/en/lvsc-011,lvsc-011,https://surrit.com/d4f08ec3-df98-4cd5-b626-3d0d7add93e2/playlist.m3u8,playlist,surrit.com
https://missav123.com/en/madv-634-uncensored-leak,,https://surrit.com/a1db0ad8-8541-4350-b145-5c258e2e5e94/1080p/video.m3u8,1080p,surrit.com
https://missav123.com/en/madv-634-uncensored-leak,,https://surrit.com/a1db0ad8-8541-4350-b145-5c258e2e5e94/720p/video.m3u8,720p,surrit.com
https://missav123.com/en/madv-634-uncensored-leak,,https://surrit.com/a1db0ad8-8541-4350-b145-5c258e2e5e94/playlist.m3u8,playlist,surrit.com
https://missav123.com/en/meyd-378-uncensored-leak,,https://surrit.com/df265b87-d3ad-42fe-8ce5-905144e1c8ac/1080p/video.m3u8,1080p,surrit.com
https://missav123.com/en/meyd-378-uncensored-leak,,https://surrit.com/df265b87-d3ad-42fe-8ce5-905144e1c8ac/720p/video.m3u8,720p,surrit.com
https://missav123.com/en/meyd-378-uncensored-leak,,https://surrit.com/df265b87-d3ad-42fe-8ce5-905144e1c8ac/playlist.m3u8,playlist,surrit.com
https://missav123.com/en/mfcl-030,mfcl-030,https://surrit.com/e252fb02-b1ab-449b-82e1-cf6e01cdd060/1080p/video.m3u8,1080p,surrit.com
https://missav123.com/en/mfcl-030,mfcl-030,https://surrit.com/e252fb02-b1ab-449b-82e1-cf6e01cdd060/720p/video.m3u8,720p,surrit.com
https://missav123.com/en/mfcl-030,mfcl-030,https://surrit.com/e252fb02-b1ab-449b-82e1-cf6e01cdd060/playlist.m3u8,playlist,surrit.com
https://missav123.com/en/mfyd-003-english-subtitle,,https://surrit.com/9e21eb6d-8c85-43e3-8fae-2b5cdb7be491/1080p/video.m3u8,1080p,surrit.com
https://missav123.com/en/mfyd-003-english-subtitle,,https://surrit.com/9e21eb6d-8c85-43e3-8fae-2b5cdb7be491/720p/video.m3u8,720p,surrit.com
https://missav123.com/en/mfyd-003-english-subtitle,,https://surrit.com/9e21eb6d-8c85-43e3-8fae-2b5cdb7be491/playlist.m3u8,playlist,surrit.com
https://missav123.com/en/mvg-166-uncensored-leak,,https://surrit.com/c3e396f7-0eec-4cdb-960a-42b798d2c361/1080p/video.m3u8,1080p,surrit.com
https://missav123.com/en/mvg-166-uncensored-leak,,https://surrit.com/c3e396f7-0eec-4cdb-960a-42b798d2c361/720p/video.m3u8,720p,surrit.com
https://missav123.com/en/mvg-166-uncensored-leak,,https://surrit.com/c3e396f7-0eec-4cdb-960a-42b798d2c361/playlist.m3u8,playlist,surrit.com
https://missav123.com/en/mvg-167-uncensored-leak,,https://surrit.com/e834e5fd-8b45-410d-9925-bfd797ffb2d8/1080p/video.m3u8,1080p,surrit.com
https://missav123.com/en/mvg-167-uncensored-leak,,https://surrit.com/e834e5fd-8b45-410d-9925-bfd797ffb2d8/720p/video.m3u8,720p,surrit.com
https://missav123.com/en/mvg-167-uncensored-leak,,https://surrit.com/e834e5fd-8b45-410d-9925-bfd797ffb2d8/playlist.m3u8,playlist,surrit.com
https://missav123.com/en/nact-142-uncensored-leak,,https://surrit.com/2979da64-9dd2-4423-8ab3-9432c910ab69/1080p/video.m3u8,1080p,surrit.com
https://missav123.com/en/nact-142-uncensored-leak,,https://surrit.com/2979da64-9dd2-4423-8ab3-9432c910ab69/720p/video.m3u8,720p,surrit.com
https://missav123.com/en/nact-142-uncensored-leak,,https://surrit.com/2979da64-9dd2-4423-8ab3-9432c910ab69/playlist.m3u8,playlist,surrit.com
https://missav123.com/en/ngod-253-uncensored-leak,,https://surrit.com/7414d12e-1b46-4939-8f5f-4b3e487f0d93/1080p/video.m3u8,1080p,surrit.com
https://missav123.com/en/ngod-253-uncensored-leak,,https://surrit.com/7414d12e-1b46-4939-8f5f-4b3e487f0d93/720p/video.m3u8,720p,surrit.com
https://missav123.com/en/ngod-253-uncensored-leak,,https://surrit.com/7414d12e-1b46-4939-8f5f-4b3e487f0d93/playlist.m3u8,playlist,surrit.com
https://missav123.com/en/ngod-255-uncensored-leak,,https://surrit.com/8ddfc2ac-81a1-4166-816d-c791ce788239/1080p/video.m3u8,1080p,surrit.com
https://missav123.com/en/ngod-255-uncensored-leak,,https://surrit.com/8ddfc2ac-81a1-4166-816d-c791ce788239/720p/video.m3u8,720p,surrit.com
https://missav123.com/en/ngod-255-uncensored-leak,,https://surrit.com/8ddfc2ac-81a1-4166-816d-c791ce788239/playlist.m3u8,playlist,surrit.com
https://missav123.com/en/nld-031-uncensored-leak,,https://surrit.com/037e25a2-0aa7-4897-a727-d71864d1462c/1080p/video.m3u8,1080p,surrit.com
https://missav123.com/en/nld-031-uncensored-leak,,https://surrit.com/037e25a2-0aa7-4897-a727-d71864d1462c/720p/video.m3u8,720p,surrit.com
https://missav123.com/en/nld-031-uncensored-leak,,https://surrit.com/037e25a2-0aa7-4897-a727-d71864d1462c/playlist.m3u8,playlist,surrit.com
https://missav123.com/en/nsfs-143-uncensored-leak,,https://surrit.com/ff9d9ef9-b40b-43de-8b6d-1eef506bd97f/1080p/video.m3u8,1080p,surrit.com
https://missav123.com/en/nsfs-143-uncensored-leak,,https://surrit.com/ff9d9ef9-b40b-43de-8b6d-1eef506bd97f/720p/video.m3u8,720p,surrit.com
https://missav123.com/en/nsfs-143-uncensored-leak,,https://surrit.com/ff9d9ef9-b40b-43de-8b6d-1eef506bd97f/playlist.m3u8,playlist,surrit.com
https://missav123.com/en/nvh-080-uncensored-leak,,https://surrit.com/f44cb01f-ec69-41cc-a9cf-803ccd6dfff4/1080p/video.m3u8,1080p,surrit.com
https://missav123.com/en/nvh-080-uncensored-leak,,https://surrit.com/f44cb01f-ec69-41cc-a9cf-803ccd6dfff4/720p/video.m3u8,720p,surrit.com
https://missav123.com/en/nvh-080-uncensored-leak,,https://surrit.com/f44cb01f-ec69-41cc-a9cf-803ccd6dfff4/playlist.m3u8,playlist,surrit.com
https://missav123.com/en/pred-858-uncensored-leak,,https://surrit.com/d15cefae-e31c-4756-bbc7-7bb6fbc0e52f/1080p/video.m3u8,1080p,surrit.com
https://missav123.com/en/pred-858-uncensored-leak,,https://surrit.com/d15cefae-e31c-4756-bbc7-7bb6fbc0e52f/720p/video.m3u8,720p,surrit.com
https://missav123.com/en/pred-858-uncensored-leak,,https://surrit.com/d15cefae-e31c-4756-bbc7-7bb6fbc0e52f/playlist.m3u8,playlist,surrit.com
https://missav123.com/en/pred-865-uncensored-leak,,https://surrit.com/cf4531b7-be07-4724-bcbf-ed28a13a9ee6/1080p/video.m3u8,1080p,surrit.com
https://missav123.com/en/pred-865-uncensored-leak,,https://surrit.com/cf4531b7-be07-4724-bcbf-ed28a13a9ee6/720p/video.m3u8,720p,surrit.com
https://missav123.com/en/pred-865-uncensored-leak,,https://surrit.com/cf4531b7-be07-4724-bcbf-ed28a13a9ee6/playlist.m3u8,playlist,surrit.com
https://missav123.com/en/pred-867-uncensored-leak,,https://surrit.com/9a1cd384-6d07-4bae-b0d5-04fe8be0b963/1080p/video.m3u8,1080p,surrit.com
https://missav123.com/en/pred-867-uncensored-leak,,https://surrit.com/9a1cd384-6d07-4bae-b0d5-04fe8be0b963/720p/video.m3u8,720p,surrit.com
https://missav123.com/en/pred-867-uncensored-leak,,https://surrit.com/9a1cd384-6d07-4bae-b0d5-04fe8be0b963/playlist.m3u8,playlist,surrit.com
https://missav123.com/en/pred-877-uncensored-leak,,https://surrit.com/f952f942-75f4-4913-8c7c-de77f5ef9279/1080p/video.m3u8,1080p,surrit.com
https://missav123.com/en/pred-877-uncensored-leak,,https://surrit.com/f952f942-75f4-4913-8c7c-de77f5ef9279/720p/video.m3u8,720p,surrit.com
https://missav123.com/en/pred-877-uncensored-leak,,https://surrit.com/f952f942-75f4-4913-8c7c-de77f5ef9279/playlist.m3u8,playlist,surrit.com
https://missav123.com/en/pred-881-uncensored-leak,,https://surrit.com/7c7f505d-48d6-47d6-9d2e-6b5cd71450f0/1080p/video.m3u8,1080p,surrit.com
https://missav123.com/en/pred-881-uncensored-leak,,https://surrit.com/7c7f505d-48d6-47d6-9d2e-6b5cd71450f0/720p/video.m3u8,720p,surrit.com
https://missav123.com/en/pred-881-uncensored-leak,,https://surrit.com/7c7f505d-48d6-47d6-9d2e-6b5cd71450f0/playlist.m3u8,playlist,surrit.com
https://missav123.com/en/rki-704-uncensored-leak,,https://surrit.com/2d0506ea-414c-4a3f-a05a-81c9f6213c68/1080p/video.m3u8,1080p,surrit.com
https://missav123.com/en/rki-704-uncensored-leak,,https://surrit.com/2d0506ea-414c-4a3f-a05a-81c9f6213c68/720p/video.m3u8,720p,surrit.com
https://missav123.com/en/rki-704-uncensored-leak,,https://surrit.com/2d0506ea-414c-4a3f-a05a-81c9f6213c68/playlist.m3u8,playlist,surrit.com
https://missav123.com/en/roe-356-english-subtitle,,https://surrit.com/c09dfa46-3afb-4c71-860f-d1994fed119c/1080p/video.m3u8,1080p,surrit.com
https://missav123.com/en/roe-356-english-subtitle,,https://surrit.com/c09dfa46-3afb-4c71-860f-d1994fed119c/720p/video.m3u8,720p,surrit.com
https://missav123.com/en/roe-356-english-subtitle,,https://surrit.com/c09dfa46-3afb-4c71-860f-d1994fed119c/playlist.m3u8,playlist,surrit.com
https://missav123.com/en/roe-450-english-subtitle,,https://surrit.com/dd9eced1-08b9-40e1-a32f-dea1bf6f1e3c/1080p/video.m3u8,1080p,surrit.com
https://missav123.com/en/roe-450-english-subtitle,,https://surrit.com/dd9eced1-08b9-40e1-a32f-dea1bf6f1e3c/720p/video.m3u8,720p,surrit.com
https://missav123.com/en/roe-450-english-subtitle,,https://surrit.com/dd9eced1-08b9-40e1-a32f-dea1bf6f1e3c/playlist.m3u8,playlist,surrit.com
https://missav123.com/en/roe-459-english-subtitle,,https://surrit.com/9bf9d376-d1d5-4626-a4e9-ce5b90d86dea/480p/video.m3u8,480p,surrit.com
https://missav123.com/en/roe-459-english-subtitle,,https://surrit.com/9bf9d376-d1d5-4626-a4e9-ce5b90d86dea/playlist.m3u8,playlist,surrit.com
https://missav123.com/en/roe-468-english-subtitle,,https://surrit.com/770baa4a-bb99-437a-877e-49a29b3e9b14/480p/video.m3u8,480p,surrit.com
https://missav123.com/en/roe-468-english-subtitle,,https://surrit.com/770baa4a-bb99-437a-877e-49a29b3e9b14/playlist.m3u8,playlist,surrit.com
https://missav123.com/en/roe-506-uncensored-leak,,https://surrit.com/41d399f5-4045-46b5-970b-daf0e882ddd9/1080p/video.m3u8,1080p,surrit.com
https://missav123.com/en/roe-506-uncensored-leak,,https://surrit.com/41d399f5-4045-46b5-970b-daf0e882ddd9/720p/video.m3u8,720p,surrit.com
https://missav123.com/en/roe-506-uncensored-leak,,https://surrit.com/41d399f5-4045-46b5-970b-daf0e882ddd9/playlist.m3u8,playlist,surrit.com
https://missav123.com/en/royd-224-uncensored-leak,,https://surrit.com/a32bee3f-f8d3-4ba5-b4b5-2a7d8e7c1137/1080p/video.m3u8,1080p,surrit.com
https://missav123.com/en/royd-224-uncensored-leak,,https://surrit.com/a32bee3f-f8d3-4ba5-b4b5-2a7d8e7c1137/720p/video.m3u8,720p,surrit.com
https://missav123.com/en/royd-224-uncensored-leak,,https://surrit.com/a32bee3f-f8d3-4ba5-b4b5-2a7d8e7c1137/playlist.m3u8,playlist,surrit.com
https://missav123.com/en/royd-325-uncensored-leak,,https://surrit.com/0498f727-bf27-4237-9a4d-01ccb48aaddd/1080p/video.m3u8,1080p,surrit.com
https://missav123.com/en/royd-325-uncensored-leak,,https://surrit.com/0498f727-bf27-4237-9a4d-01ccb48aaddd/720p/video.m3u8,720p,surrit.com
https://missav123.com/en/royd-325-uncensored-leak,,https://surrit.com/0498f727-bf27-4237-9a4d-01ccb48aaddd/playlist.m3u8,playlist,surrit.com
https://missav123.com/en/same-158-english-subtitle,,https://surrit.com/0322b79b-5a67-4e0e-a851-a8f445a9d954/1080p/video.m3u8,1080p,surrit.com
https://missav123.com/en/same-158-english-subtitle,,https://surrit.com/0322b79b-5a67-4e0e-a851-a8f445a9d954/720p/video.m3u8,720p,surrit.com
https://missav123.com/en/same-158-english-subtitle,,https://surrit.com/0322b79b-5a67-4e0e-a851-a8f445a9d954/playlist.m3u8,playlist,surrit.com
https://missav123.com/en/san-466-uncensored-leak,,https://surrit.com/07a6ac5f-c38d-4d99-948f-b613b550da74/1080p/video.m3u8,1080p,surrit.com
https://missav123.com/en/san-466-uncensored-leak,,https://surrit.com/07a6ac5f-c38d-4d99-948f-b613b550da74/720p/video.m3u8,720p,surrit.com
https://missav123.com/en/san-466-uncensored-leak,,https://surrit.com/07a6ac5f-c38d-4d99-948f-b613b550da74/playlist.m3u8,playlist,surrit.com
https://missav123.com/en/san-467,san-467,https://surrit.com/4f025238-6b6d-47f5-a237-74d0f33f4d43/720p/video.m3u8,720p,surrit.com
https://missav123.com/en/san-467,san-467,https://surrit.com/4f025238-6b6d-47f5-a237-74d0f33f4d43/playlist.m3u8,playlist,surrit.com
https://missav123.com/en/san-467-uncensored-leak,,https://surrit.com/bcd447dd-c2d6-4656-b225-166d14423d66/1080p/video.m3u8,1080p,surrit.com
https://missav123.com/en/san-467-uncensored-leak,,https://surrit.com/bcd447dd-c2d6-4656-b225-166d14423d66/720p/video.m3u8,720p,surrit.com
https://missav123.com/en/san-467-uncensored-leak,,https://surrit.com/bcd447dd-c2d6-4656-b225-166d14423d66/playlist.m3u8,playlist,surrit.com
https://missav123.com/en/san-468,san-468,https://surrit.com/a097f246-1567-4edd-a960-71dbdfcbc487/720p/video.m3u8,720p,surrit.com
https://missav123.com/en/san-468,san-468,https://surrit.com/a097f246-1567-4edd-a960-71dbdfcbc487/playlist.m3u8,playlist,surrit.com
https://missav123.com/en/san-468-uncensored-leak,,https://surrit.com/cb973cf6-20b8-477d-a4d8-806b26e9e965/1080p/video.m3u8,1080p,surrit.com
https://missav123.com/en/san-468-uncensored-leak,,https://surrit.com/cb973cf6-20b8-477d-a4d8-806b26e9e965/720p/video.m3u8,720p,surrit.com
https://missav123.com/en/san-468-uncensored-leak,,https://surrit.com/cb973cf6-20b8-477d-a4d8-806b26e9e965/playlist.m3u8,playlist,surrit.com
https://missav123.com/en/san-469-uncensored-leak,,https://surrit.com/0aa913f4-2de6-4fc7-91d4-71c6812a7f4e/1080p/video.m3u8,1080p,surrit.com
https://missav123.com/en/san-469-uncensored-leak,,https://surrit.com/0aa913f4-2de6-4fc7-91d4-71c6812a7f4e/720p/video.m3u8,720p,surrit.com
https://missav123.com/en/san-469-uncensored-leak,,https://surrit.com/0aa913f4-2de6-4fc7-91d4-71c6812a7f4e/playlist.m3u8,playlist,surrit.com
https://missav123.com/en/sdab-351-uncensored-leak,,https://surrit.com/e99babe3-2c0c-4d9b-8502-79df3a295d7f/1080p/video.m3u8,1080p,surrit.com
https://missav123.com/en/sdab-351-uncensored-leak,,https://surrit.com/e99babe3-2c0c-4d9b-8502-79df3a295d7f/720p/video.m3u8,720p,surrit.com
https://missav123.com/en/sdab-351-uncensored-leak,,https://surrit.com/e99babe3-2c0c-4d9b-8502-79df3a295d7f/playlist.m3u8,playlist,surrit.com
https://missav123.com/en/sdjs-370-uncensored-leak,,https://surrit.com/52308e92-0de0-42ad-9624-df69d7622922/1080p/video.m3u8,1080p,surrit.com
https://missav123.com/en/sdjs-370-uncensored-leak,,https://surrit.com/52308e92-0de0-42ad-9624-df69d7622922/720p/video.m3u8,720p,surrit.com
https://missav123.com/en/sdjs-370-uncensored-leak,,https://surrit.com/52308e92-0de0-42ad-9624-df69d7622922/playlist.m3u8,playlist,surrit.com
https://missav123.com/en/sdnm-555-uncensored-leak,,https://surrit.com/b579a333-9c74-4b0e-9201-d1a15586e094/1080p/video.m3u8,1080p,surrit.com
https://missav123.com/en/sdnm-555-uncensored-leak,,https://surrit.com/b579a333-9c74-4b0e-9201-d1a15586e094/720p/video.m3u8,720p,surrit.com
https://missav123.com/en/sdnm-555-uncensored-leak,,https://surrit.com/b579a333-9c74-4b0e-9201-d1a15586e094/playlist.m3u8,playlist,surrit.com
https://missav123.com/en/sgki-095-uncensored-leak,,https://surrit.com/2683f3b6-2c7d-4cfa-9600-eecb34dab5f4/1080p/video.m3u8,1080p,surrit.com
https://missav123.com/en/sgki-095-uncensored-leak,,https://surrit.com/2683f3b6-2c7d-4cfa-9600-eecb34dab5f4/720p/video.m3u8,720p,surrit.com
https://missav123.com/en/sgki-095-uncensored-leak,,https://surrit.com/2683f3b6-2c7d-4cfa-9600-eecb34dab5f4/playlist.m3u8,playlist,surrit.com
https://missav123.com/en/siro-5693,siro-5693,https://surrit.com/bcdf3f40-da79-4a95-9bda-7b7e835c984f/720p/video.m3u8,720p,surrit.com
https://missav123.com/en/siro-5693,siro-5693,https://surrit.com/bcdf3f40-da79-4a95-9bda-7b7e835c984f/playlist.m3u8,playlist,surrit.com
https://missav123.com/en/siro-5695,siro-5695,https://surrit.com/ba0ab34e-9f23-49d5-afa9-d0ebd7d1d296/720p/video.m3u8,720p,surrit.com
https://missav123.com/en/siro-5695,siro-5695,https://surrit.com/ba0ab34e-9f23-49d5-afa9-d0ebd7d1d296/playlist.m3u8,playlist,surrit.com
https://missav123.com/en/smuk-082,smuk-082,https://surrit.com/cdc8eeca-1700-421f-b70d-392e179c5261/1080p/video.m3u8,1080p,surrit.com
https://missav123.com/en/smuk-082,smuk-082,https://surrit.com/cdc8eeca-1700-421f-b70d-392e179c5261/720p/video.m3u8,720p,surrit.com
https://missav123.com/en/smuk-082,smuk-082,https://surrit.com/cdc8eeca-1700-421f-b70d-392e179c5261/playlist.m3u8,playlist,surrit.com
https://missav123.com/en/snos-163-english-subtitle,,https://surrit.com/308853d1-cd51-451d-a391-8d35a22855a9/480p/video.m3u8,480p,surrit.com
https://missav123.com/en/snos-163-english-subtitle,,https://surrit.com/308853d1-cd51-451d-a391-8d35a22855a9/playlist.m3u8,playlist,surrit.com
https://missav123.com/en/snos-210-uncensored-leak,,https://surrit.com/bdb63589-b7db-4496-ab65-6035633c5065/1080p/video.m3u8,1080p,surrit.com
https://missav123.com/en/snos-210-uncensored-leak,,https://surrit.com/bdb63589-b7db-4496-ab65-6035633c5065/720p/video.m3u8,720p,surrit.com
https://missav123.com/en/snos-210-uncensored-leak,,https://surrit.com/bdb63589-b7db-4496-ab65-6035633c5065/playlist.m3u8,playlist,surrit.com
https://missav123.com/en/snos-213-uncensored-leak,,https://surrit.com/ff3361f9-7001-4bc3-96f2-c006df7547f4/1080p/video.m3u8,1080p,surrit.com
https://missav123.com/en/snos-213-uncensored-leak,,https://surrit.com/ff3361f9-7001-4bc3-96f2-c006df7547f4/720p/video.m3u8,720p,surrit.com
https://missav123.com/en/snos-213-uncensored-leak,,https://surrit.com/ff3361f9-7001-4bc3-96f2-c006df7547f4/playlist.m3u8,playlist,surrit.com
https://missav123.com/en/snos-214-uncensored-leak,,https://surrit.com/7dd58c6b-32e4-4103-befb-9d2364ce2da8/1080p/video.m3u8,1080p,surrit.com
https://missav123.com/en/snos-214-uncensored-leak,,https://surrit.com/7dd58c6b-32e4-4103-befb-9d2364ce2da8/720p/video.m3u8,720p,surrit.com
https://missav123.com/en/snos-214-uncensored-leak,,https://surrit.com/7dd58c6b-32e4-4103-befb-9d2364ce2da8/playlist.m3u8,playlist,surrit.com
https://missav123.com/en/snos-231-uncensored-leak,,https://surrit.com/aa5600a4-c3a2-4868-a64b-5099974a6fb3/1080p/video.m3u8,1080p,surrit.com
https://missav123.com/en/snos-231-uncensored-leak,,https://surrit.com/aa5600a4-c3a2-4868-a64b-5099974a6fb3/720p/video.m3u8,720p,surrit.com
https://missav123.com/en/snos-231-uncensored-leak,,https://surrit.com/aa5600a4-c3a2-4868-a64b-5099974a6fb3/playlist.m3u8,playlist,surrit.com
https://missav123.com/en/snos-251-uncensored-leak,,https://surrit.com/76107ba9-6d48-4f0a-b384-3e9582e9ddbd/1080p/video.m3u8,1080p,surrit.com
https://missav123.com/en/snos-251-uncensored-leak,,https://surrit.com/76107ba9-6d48-4f0a-b384-3e9582e9ddbd/720p/video.m3u8,720p,surrit.com
https://missav123.com/en/snos-251-uncensored-leak,,https://surrit.com/76107ba9-6d48-4f0a-b384-3e9582e9ddbd/playlist.m3u8,playlist,surrit.com
https://missav123.com/en/snos-253-uncensored-leak,,https://surrit.com/8e4df10e-2f40-4412-aa1f-4679a516bf8f/1080p/video.m3u8,1080p,surrit.com
https://missav123.com/en/snos-253-uncensored-leak,,https://surrit.com/8e4df10e-2f40-4412-aa1f-4679a516bf8f/720p/video.m3u8,720p,surrit.com
https://missav123.com/en/snos-253-uncensored-leak,,https://surrit.com/8e4df10e-2f40-4412-aa1f-4679a516bf8f/playlist.m3u8,playlist,surrit.com
https://missav123.com/en/snos-255-uncensored-leak,,https://surrit.com/50239237-6ba6-4c7a-b4ae-bb153a1abc78/1080p/video.m3u8,1080p,surrit.com
https://missav123.com/en/snos-255-uncensored-leak,,https://surrit.com/50239237-6ba6-4c7a-b4ae-bb153a1abc78/720p/video.m3u8,720p,surrit.com
https://missav123.com/en/snos-255-uncensored-leak,,https://surrit.com/50239237-6ba6-4c7a-b4ae-bb153a1abc78/playlist.m3u8,playlist,surrit.com
https://missav123.com/en/snos-257-uncensored-leak,,https://surrit.com/6dd11fa0-f13f-4076-bc2d-6f402546e659/1080p/video.m3u8,1080p,surrit.com
https://missav123.com/en/snos-257-uncensored-leak,,https://surrit.com/6dd11fa0-f13f-4076-bc2d-6f402546e659/720p/video.m3u8,720p,surrit.com
https://missav123.com/en/snos-257-uncensored-leak,,https://surrit.com/6dd11fa0-f13f-4076-bc2d-6f402546e659/playlist.m3u8,playlist,surrit.com
https://missav123.com/en/snos-260-uncensored-leak,,https://surrit.com/33427cb2-b18d-4b70-9e6e-2126036e5f53/1080p/video.m3u8,1080p,surrit.com
https://missav123.com/en/snos-260-uncensored-leak,,https://surrit.com/33427cb2-b18d-4b70-9e6e-2126036e5f53/720p/video.m3u8,720p,surrit.com
https://missav123.com/en/snos-260-uncensored-leak,,https://surrit.com/33427cb2-b18d-4b70-9e6e-2126036e5f53/playlist.m3u8,playlist,surrit.com
https://missav123.com/en/snos-264-uncensored-leak,,https://surrit.com/2472c745-d758-44d6-9879-35f444de14d0/1080p/video.m3u8,1080p,surrit.com
https://missav123.com/en/snos-264-uncensored-leak,,https://surrit.com/2472c745-d758-44d6-9879-35f444de14d0/720p/video.m3u8,720p,surrit.com
https://missav123.com/en/snos-264-uncensored-leak,,https://surrit.com/2472c745-d758-44d6-9879-35f444de14d0/playlist.m3u8,playlist,surrit.com
https://missav123.com/en/snos-266-uncensored-leak,,https://surrit.com/039baca7-fa38-4d16-a73c-e7e3d58efe62/1080p/video.m3u8,1080p,surrit.com
https://missav123.com/en/snos-266-uncensored-leak,,https://surrit.com/039baca7-fa38-4d16-a73c-e7e3d58efe62/720p/video.m3u8,720p,surrit.com
https://missav123.com/en/snos-266-uncensored-leak,,https://surrit.com/039baca7-fa38-4d16-a73c-e7e3d58efe62/playlist.m3u8,playlist,surrit.com
https://missav123.com/en/snos-268-uncensored-leak,,https://surrit.com/24ea9e20-9912-494b-93e7-b23a681d1cd4/1080p/video.m3u8,1080p,surrit.com
https://missav123.com/en/snos-268-uncensored-leak,,https://surrit.com/24ea9e20-9912-494b-93e7-b23a681d1cd4/720p/video.m3u8,720p,surrit.com
https://missav123.com/en/snos-268-uncensored-leak,,https://surrit.com/24ea9e20-9912-494b-93e7-b23a681d1cd4/playlist.m3u8,playlist,surrit.com
https://missav123.com/en/snos-275-uncensored-leak,,https://surrit.com/8334b8f7-a2df-4cff-b80b-6cd91f83f222/1080p/video.m3u8,1080p,surrit.com
https://missav123.com/en/snos-275-uncensored-leak,,https://surrit.com/8334b8f7-a2df-4cff-b80b-6cd91f83f222/720p/video.m3u8,720p,surrit.com
https://missav123.com/en/snos-275-uncensored-leak,,https://surrit.com/8334b8f7-a2df-4cff-b80b-6cd91f83f222/playlist.m3u8,playlist,surrit.com
https://missav123.com/en/snos-282-uncensored-leak,,https://surrit.com/b7ba3346-c64e-4a40-afb3-b6bc20f92273/1080p/video.m3u8,1080p,surrit.com
https://missav123.com/en/snos-282-uncensored-leak,,https://surrit.com/b7ba3346-c64e-4a40-afb3-b6bc20f92273/720p/video.m3u8,720p,surrit.com
https://missav123.com/en/snos-282-uncensored-leak,,https://surrit.com/b7ba3346-c64e-4a40-afb3-b6bc20f92273/playlist.m3u8,playlist,surrit.com
https://missav123.com/en/snos-284-uncensored-leak,,https://surrit.com/5c43ba81-60a5-40fb-89c2-7a482c688c0b/1080p/video.m3u8,1080p,surrit.com
https://missav123.com/en/snos-284-uncensored-leak,,https://surrit.com/5c43ba81-60a5-40fb-89c2-7a482c688c0b/720p/video.m3u8,720p,surrit.com
https://missav123.com/en/snos-284-uncensored-leak,,https://surrit.com/5c43ba81-60a5-40fb-89c2-7a482c688c0b/playlist.m3u8,playlist,surrit.com
https://missav123.com/en/snos-285-uncensored-leak,,https://surrit.com/a4ce45a6-2c7c-402f-963f-71a472a729f2/1080p/video.m3u8,1080p,surrit.com
https://missav123.com/en/snos-285-uncensored-leak,,https://surrit.com/a4ce45a6-2c7c-402f-963f-71a472a729f2/720p/video.m3u8,720p,surrit.com
https://missav123.com/en/snos-285-uncensored-leak,,https://surrit.com/a4ce45a6-2c7c-402f-963f-71a472a729f2/playlist.m3u8,playlist,surrit.com
https://missav123.com/en/snos-304-uncensored-leak,,https://surrit.com/db9e61c2-97ec-4f4e-a1d0-0dc7b3eacad3/1080p/video.m3u8,1080p,surrit.com
https://missav123.com/en/snos-304-uncensored-leak,,https://surrit.com/db9e61c2-97ec-4f4e-a1d0-0dc7b3eacad3/720p/video.m3u8,720p,surrit.com
https://missav123.com/en/snos-304-uncensored-leak,,https://surrit.com/db9e61c2-97ec-4f4e-a1d0-0dc7b3eacad3/playlist.m3u8,playlist,surrit.com
https://missav123.com/en/snos-341-uncensored-leak,,https://surrit.com/499a7853-c418-4aa4-9f3a-5eff7388d2be/1080p/video.m3u8,1080p,surrit.com
https://missav123.com/en/snos-341-uncensored-leak,,https://surrit.com/499a7853-c418-4aa4-9f3a-5eff7388d2be/720p/video.m3u8,720p,surrit.com
https://missav123.com/en/snos-341-uncensored-leak,,https://surrit.com/499a7853-c418-4aa4-9f3a-5eff7388d2be/playlist.m3u8,playlist,surrit.com
https://missav123.com/en/sone-562-uncensored-leak,,https://surrit.com/e627c638-4f21-4057-bfa5-15ecf6f37652/1080p/video.m3u8,1080p,surrit.com
https://missav123.com/en/sone-562-uncensored-leak,,https://surrit.com/e627c638-4f21-4057-bfa5-15ecf6f37652/720p/video.m3u8,720p,surrit.com
https://missav123.com/en/sone-562-uncensored-leak,,https://surrit.com/e627c638-4f21-4057-bfa5-15ecf6f37652/playlist.m3u8,playlist,surrit.com
https://missav123.com/en/sone-582-uncensored-leak,,https://surrit.com/6781ea7a-41fb-4a8c-9794-c9e6e561f1c6/1080p/video.m3u8,1080p,surrit.com
https://missav123.com/en/sone-582-uncensored-leak,,https://surrit.com/6781ea7a-41fb-4a8c-9794-c9e6e561f1c6/720p/video.m3u8,720p,surrit.com
https://missav123.com/en/sone-582-uncensored-leak,,https://surrit.com/6781ea7a-41fb-4a8c-9794-c9e6e561f1c6/playlist.m3u8,playlist,surrit.com
https://missav123.com/en/sone-620-uncensored-leak,,https://surrit.com/8fb4400a-3b2a-441a-94f4-762b4d4c020c/1080p/video.m3u8,1080p,surrit.com
https://missav123.com/en/sone-620-uncensored-leak,,https://surrit.com/8fb4400a-3b2a-441a-94f4-762b4d4c020c/720p/video.m3u8,720p,surrit.com
https://missav123.com/en/sone-620-uncensored-leak,,https://surrit.com/8fb4400a-3b2a-441a-94f4-762b4d4c020c/playlist.m3u8,playlist,surrit.com
https://missav123.com/en/sone-621-uncensored-leak,,https://surrit.com/9b64c907-5c30-444e-b2dd-70bc53a01504/1080p/video.m3u8,1080p,surrit.com
https://missav123.com/en/sone-621-uncensored-leak,,https://surrit.com/9b64c907-5c30-444e-b2dd-70bc53a01504/720p/video.m3u8,720p,surrit.com
https://missav123.com/en/sone-621-uncensored-leak,,https://surrit.com/9b64c907-5c30-444e-b2dd-70bc53a01504/playlist.m3u8,playlist,surrit.com
https://missav123.com/en/sone-631-uncensored-leak,,https://surrit.com/8bc1b6d5-af4d-4172-8a9d-9abd7363e9e4/1080p/video.m3u8,1080p,surrit.com
https://missav123.com/en/sone-631-uncensored-leak,,https://surrit.com/8bc1b6d5-af4d-4172-8a9d-9abd7363e9e4/720p/video.m3u8,720p,surrit.com
https://missav123.com/en/sone-631-uncensored-leak,,https://surrit.com/8bc1b6d5-af4d-4172-8a9d-9abd7363e9e4/playlist.m3u8,playlist,surrit.com
https://missav123.com/en/sone-634-uncensored-leak,,https://surrit.com/845adbef-b1b3-40d0-a7ee-d36dd34a6e39/1080p/video.m3u8,1080p,surrit.com
https://missav123.com/en/sone-634-uncensored-leak,,https://surrit.com/845adbef-b1b3-40d0-a7ee-d36dd34a6e39/720p/video.m3u8,720p,surrit.com
https://missav123.com/en/sone-634-uncensored-leak,,https://surrit.com/845adbef-b1b3-40d0-a7ee-d36dd34a6e39/playlist.m3u8,playlist,surrit.com
https://missav123.com/en/sone-636-uncensored-leak,,https://surrit.com/c1fe1e4e-bdd0-4eeb-81fe-af5652311dfa/1080p/video.m3u8,1080p,surrit.com
https://missav123.com/en/sone-636-uncensored-leak,,https://surrit.com/c1fe1e4e-bdd0-4eeb-81fe-af5652311dfa/720p/video.m3u8,720p,surrit.com
https://missav123.com/en/sone-636-uncensored-leak,,https://surrit.com/c1fe1e4e-bdd0-4eeb-81fe-af5652311dfa/playlist.m3u8,playlist,surrit.com
https://missav123.com/en/sone-639-uncensored-leak,,https://surrit.com/9e04e339-be52-4272-81db-5a82ac74fbcb/1080p/video.m3u8,1080p,surrit.com
https://missav123.com/en/sone-639-uncensored-leak,,https://surrit.com/9e04e339-be52-4272-81db-5a82ac74fbcb/720p/video.m3u8,720p,surrit.com
https://missav123.com/en/sone-639-uncensored-leak,,https://surrit.com/9e04e339-be52-4272-81db-5a82ac74fbcb/playlist.m3u8,playlist,surrit.com
https://missav123.com/en/stars-342-uncensored-leak,,https://surrit.com/4373901e-8cf6-4b67-833c-048d6ef9f87e/720p/video.m3u8,720p,surrit.com
https://missav123.com/en/stars-342-uncensored-leak,,https://surrit.com/4373901e-8cf6-4b67-833c-048d6ef9f87e/playlist.m3u8,playlist,surrit.com
https://missav123.com/en/start-242-uncensored-leak,,https://surrit.com/bf8df2db-8e96-41e7-a8a9-b89fa796f22c/720p/video.m3u8,720p,surrit.com
https://missav123.com/en/start-242-uncensored-leak,,https://surrit.com/bf8df2db-8e96-41e7-a8a9-b89fa796f22c/playlist.m3u8,playlist,surrit.com
https://missav123.com/en/start-262-uncensored-leak,,https://surrit.com/0cec3826-094c-4179-95db-3cbcc1b8cb4c/1080p/video.m3u8,1080p,surrit.com
https://missav123.com/en/start-262-uncensored-leak,,https://surrit.com/0cec3826-094c-4179-95db-3cbcc1b8cb4c/720p/video.m3u8,720p,surrit.com
https://missav123.com/en/start-262-uncensored-leak,,https://surrit.com/0cec3826-094c-4179-95db-3cbcc1b8cb4c/playlist.m3u8,playlist,surrit.com
https://missav123.com/en/start-573-uncensored-leak,,https://surrit.com/67ebb029-ecb1-4f6f-8890-3a86c3c66105/1080p/video.m3u8,1080p,surrit.com
https://missav123.com/en/start-573-uncensored-leak,,https://surrit.com/67ebb029-ecb1-4f6f-8890-3a86c3c66105/720p/video.m3u8,720p,surrit.com
https://missav123.com/en/start-573-uncensored-leak,,https://surrit.com/67ebb029-ecb1-4f6f-8890-3a86c3c66105/playlist.m3u8,playlist,surrit.com
https://missav123.com/en/start-584-uncensored-leak,,https://surrit.com/1928626a-f31e-4991-b3e6-116cef78f930/1080p/video.m3u8,1080p,surrit.com
https://missav123.com/en/start-584-uncensored-leak,,https://surrit.com/1928626a-f31e-4991-b3e6-116cef78f930/720p/video.m3u8,720p,surrit.com
https://missav123.com/en/start-584-uncensored-leak,,https://surrit.com/1928626a-f31e-4991-b3e6-116cef78f930/playlist.m3u8,playlist,surrit.com
https://missav123.com/en/start-586-uncensored-leak,,https://surrit.com/5d05e343-e31e-4e8d-a9d5-40b1542d37e4/1080p/video.m3u8,1080p,surrit.com
https://missav123.com/en/start-586-uncensored-leak,,https://surrit.com/5d05e343-e31e-4e8d-a9d5-40b1542d37e4/720p/video.m3u8,720p,surrit.com
https://missav123.com/en/start-586-uncensored-leak,,https://surrit.com/5d05e343-e31e-4e8d-a9d5-40b1542d37e4/playlist.m3u8,playlist,surrit.com
https://missav123.com/en/start-592-uncensored-leak,,https://surrit.com/5e76606d-a36c-45b2-8c9c-607219c01ae2/1080p/video.m3u8,1080p,surrit.com
https://missav123.com/en/start-592-uncensored-leak,,https://surrit.com/5e76606d-a36c-45b2-8c9c-607219c01ae2/720p/video.m3u8,720p,surrit.com
https://missav123.com/en/start-592-uncensored-leak,,https://surrit.com/5e76606d-a36c-45b2-8c9c-607219c01ae2/playlist.m3u8,playlist,surrit.com
https://missav123.com/en/start-595-uncensored-leak,,https://surrit.com/59c87d9b-bb8a-45de-a7d5-2de30d90581f/1080p/video.m3u8,1080p,surrit.com
https://missav123.com/en/start-595-uncensored-leak,,https://surrit.com/59c87d9b-bb8a-45de-a7d5-2de30d90581f/720p/video.m3u8,720p,surrit.com
https://missav123.com/en/start-595-uncensored-leak,,https://surrit.com/59c87d9b-bb8a-45de-a7d5-2de30d90581f/playlist.m3u8,playlist,surrit.com
https://missav123.com/en/totk-023-uncensored-leak,,https://surrit.com/f72cb8c2-d751-4710-abf8-b7fece41b172/1080p/video.m3u8,1080p,surrit.com
https://missav123.com/en/totk-023-uncensored-leak,,https://surrit.com/f72cb8c2-d751-4710-abf8-b7fece41b172/720p/video.m3u8,720p,surrit.com
https://missav123.com/en/totk-023-uncensored-leak,,https://surrit.com/f72cb8c2-d751-4710-abf8-b7fece41b172/playlist.m3u8,playlist,surrit.com
https://missav123.com/en/vdd-206-uncensored-leak,,https://surrit.com/544c83a0-b7e5-486b-8b28-e39e77a89920/1080p/video.m3u8,1080p,surrit.com
https://missav123.com/en/vdd-206-uncensored-leak,,https://surrit.com/544c83a0-b7e5-486b-8b28-e39e77a89920/720p/video.m3u8,720p,surrit.com
https://missav123.com/en/vdd-206-uncensored-leak,,https://surrit.com/544c83a0-b7e5-486b-8b28-e39e77a89920/playlist.m3u8,playlist,surrit.com
https://missav123.com/en/vec-687-uncensored-leak,,https://surrit.com/46d0a29a-2a9c-4505-9dcd-49d645009882/1080p/video.m3u8,1080p,surrit.com
https://missav123.com/en/vec-687-uncensored-leak,,https://surrit.com/46d0a29a-2a9c-4505-9dcd-49d645009882/720p/video.m3u8,720p,surrit.com
https://missav123.com/en/vec-687-uncensored-leak,,https://surrit.com/46d0a29a-2a9c-4505-9dcd-49d645009882/playlist.m3u8,playlist,surrit.com
https://missav123.com/en/vrnc-043-uncensored-leak,,https://surrit.com/8951440a-2d58-4345-9065-d68af1d614f7/720p/video.m3u8,720p,surrit.com
https://missav123.com/en/vrnc-043-uncensored-leak,,https://surrit.com/8951440a-2d58-4345-9065-d68af1d614f7/playlist.m3u8,playlist,surrit.com
https://missav123.com/en/ysn-661-uncensored-leak,,https://surrit.com/0b6e56de-d9c0-42db-8d09-cdad770e5cb4/1080p/video.m3u8,1080p,surrit.com
https://missav123.com/en/ysn-661-uncensored-leak,,https://surrit.com/0b6e56de-d9c0-42db-8d09-cdad770e5cb4/720p/video.m3u8,720p,surrit.com
https://missav123.com/en/ysn-661-uncensored-leak,,https://surrit.com/0b6e56de-d9c0-42db-8d09-cdad770e5cb4/playlist.m3u8,playlist,surrit.com
https://missav123.com/en/yst-354-uncensored-leak,,https://surrit.com/d32df905-d787-4aa0-b8ce-60d67ee3b2c0/1080p/video.m3u8,1080p,surrit.com
https://missav123.com/en/yst-354-uncensored-leak,,https://surrit.com/d32df905-d787-4aa0-b8ce-60d67ee3b2c0/720p/video.m3u8,720p,surrit.com
https://missav123.com/en/yst-354-uncensored-leak,,https://surrit.com/d32df905-d787-4aa0-b8ce-60d67ee3b2c0/playlist.m3u8,playlist,surrit.com
https://missav123.com/en/yst-355-uncensored-leak,,https://surrit.com/bfa38ff2-08f6-404b-bb1f-ffa2eef026e4/1080p/video.m3u8,1080p,surrit.com
https://missav123.com/en/yst-355-uncensored-leak,,https://surrit.com/bfa38ff2-08f6-404b-bb1f-ffa2eef026e4/720p/video.m3u8,720p,surrit.com
https://missav123.com/en/yst-355-uncensored-leak,,https://surrit.com/bfa38ff2-08f6-404b-bb1f-ffa2eef026e4/playlist.m3u8,playlist,surrit.com
