code,title,image_url,page_url,views,date_scraped
MUDR-100-RM,Uniform Girl And Ojisan Ruru Arisu [Uncensored L**ked],https://pic.javct.net/poster/05192026/a9f7bbc5bb.jpg,https://javct.net/v/mudr-100-rm,200,2026-06-19
KSBJ-043-RM,Barefoot Wife Hiroshi Onukawa [Uncensored L**ked],https://pic.javct.net/poster/07202025/1754555353.jpg,https://javct.net/v/ksbj-043-rm,128,2026-06-19
MDBK-259-RM,A Quagmire Reverse NTR Of Looting Sluts Who Want Only One Man [Uncensored L**ked],https://pic.javct.net/poster/20221108/1662789987.jpg,https://javct.net/v/mdbk-259-rm,150,2026-06-19
SW-580-RM,"A Classmate Who Forgot To Come Wearing A Spats Goes Unprotected As Usual, So It's Panicked! It Was A Girl Who Was Inserted Into A Male Who Misunderstood Me To Tempt. [Uncensored L**ked]",https://pic.javct.net/poster/05192026/f471f170ce.jpg,https://javct.net/v/sw-580-rm,160,2026-06-19
PKPD-131-RM,Event ● Enko Asahi Shizuku & Kogure Mirai [Uncensored L**ked],https://pic.javct.net/poster/04112026/1fed22a228.jpg,https://javct.net/v/pkpd-131-rm,140,2026-06-19
DANDY-856-RM,"I Was Alone With My Wife At A Garbage Dump Where Her Tight Dress Was Too Transparent And Her Panties Were Fully Exposed! The Sheer Bread Butt That Seduces You Unconsciously Is Too Erotic, So I'm Going To Fuck You Right Away. VOL.4 [Uncensored L**ked]",https://pic.javct.net/poster/20230104/1681949965.jpg,https://javct.net/v/dandy-856-rm,198,2026-06-19
VGD-184-RM,Nearby Elder Sister Yuuki Kiyono [Uncensored L**ked],https://pic.javct.net/poster/06032026/1775620510.jpg,https://javct.net/v/vgd-184-rm,120,2026-06-19
BACJ-054-RM,"Tsukino Okawa, An Office Lady Who Seduces Her Inexperienced Boss In A Shared Room On A Business Trip And Makes Her Cum To The Limit [Uncensored L**ked]",https://pic.javct.net/poster/20230205/1683346307.jpg,https://javct.net/v/bacj-054-rm,123,2026-06-19
BABD-003-RM,003 Yuuki Hiiragi Yuki [Uncensored L**ked],https://pic.javct.net/poster/20230104/1682740318.jpg,https://javct.net/v/babd-003-rm,138,2026-06-19
T28-424-RM,Ubukawa Clerk Asahina Karen AV Debut Work In Surf Shop [Uncensored L**ked],https://pic.javct.net/poster/04112026/1776135508.jpg,https://javct.net/v/t28-424-rm,130,2026-06-19
APAA-409-RM,The Smell Of Chestnut Flowers And The Love Juice Are Smeared In The Cage Sex. Apricot Komatsu [Uncensored L**ked],https://pic.javct.net/poster/20230205/1684554427.jpg,https://javct.net/v/apaa-409-rm,136,2026-06-19
PKPT-014-RM,Husband's Direct Delivery Wife Colossal Tits De M Married Woman NTR Hana Haruna Hana [Uncensored L**ked],https://pic.javct.net/poster/20230104/1682740944.jpg,https://javct.net/v/pkpt-014-rm,120,2026-06-19
ALDN-163-RM,The Reason Why My Wife Suddenly Demanded A Creampie Yuria Yoshine [Uncensored L**ked],https://pic.javct.net/poster/20230205/1683344088.jpg,https://javct.net/v/aldn-163-rm,150,2026-06-19
PKPL-029-RM,Yen Woman Dating Creampie OK 18 Years Old Short Black Hair Girl Who Likes Energetic Girls Rio Natsukuri [Uncensored L**ked],https://pic.javct.net/poster/20230104/1682741005.jpg,https://javct.net/v/pkpl-029-rm,120,2026-06-19
SRS-075-RM,【Toda City Beautiful Wood】 Yariman Yankee First Shot The First Yorkie Daughter Is Reversed In Position Due To His Decan Insertion.The Perfect Maiden Gap Was Too Cute During The Etch! [Uncensored L**ked],https://pic.javct.net/poster/05192026/8f8e1d7014.jpg,https://javct.net/v/srs-075-rm,130,2026-06-19
MIST-476-RM,Yui Tenma [Uncensored L**ked],https://pic.javct.net/poster/20250606/1752116800.jpg,https://javct.net/v/mist-476-rm,153,2026-06-19
SKJK-019-RM,"Because I'm Stupid, I'm Going To Be Vaginal Cum Shot Viva! Impure Heterosexual Intercourse CHIYU (18) [Uncensored L**ked]",https://pic.javct.net/poster/20230104/1682827861.jpg,https://javct.net/v/skjk-019-rm,139,2026-06-19
MESU-110-RM,3-star Mature Soapland Lucky Moment Spending Unlimited Ejaculation With Awahime On The First Day Of Entering The Shop Satsuki Natsuyagi [Uncensored L**ked],https://pic.javct.net/poster/20230205/1684985641.jpg,https://javct.net/v/mesu-110-rm,115,2026-06-19
KAM-133-RM,"""Somebody... Help Someone..."" A Voiceless Scream! I Can't Even Make A Moaning Voice, And I'm Suppressing My Voice... Sensitive Uniform Beautiful Girl Creampie Slut Airi Honoka [Uncensored L**ked]",https://pic.javct.net/poster/20230206/1686892473.jpg,https://javct.net/v/kam-133-rm,120,2026-06-19
BGN-060-RM,Excavation Of An Absolute Beautiful Girl Exclusive Debut H Breasts Konomi Nagisa [Uncensored L**ked],https://pic.javct.net/poster/20212709/1635386160.jpg,https://javct.net/v/bgn-060-rm,205,2026-06-19
HUNTB-485-RM,"Isn't It Too Much To See The Buttocks? My Sister-in-law, Who Goes To The Beach Overseas, Made Her Own Trendy, Barely Damaged Jeans! It's Too Sexy And You Can See A Lot Of Things, Not Just Your Butt! [Uncensored L**ked]",https://pic.javct.net/poster/20230205/1683261767.jpg,https://javct.net/v/huntb-485-rm,210,2026-06-19
XVSR-245-RM,Ideal Breeding Training ~ Beautiful Maid Slave ~ Hiki Otsuki [Uncensored L**ked],https://pic.javct.net/poster/04112026/1776591500.jpg,https://javct.net/v/xvsr-245-rm,120,2026-06-19
FOCS-089-RM,A Sober Girl Who Has Been Munched On Her Ass Hole J ! Puri Ass Trembling Crab Crotch Iki Horisawa Mayu [Uncensored L**ked],https://pic.javct.net/poster/20222109/1665722622.jpg,https://javct.net/v/focs-089-rm,112,2026-06-19
SDAB-152-RM,"Awakening To Vaginal Ejaculation, Lifting The Ban On Vaginal Cum Shot For The First Time In Life. Hasumiten [Uncensored L**ked]",https://pic.javct.net/poster/05192026/b86bbdb7df.jpg,https://javct.net/v/sdab-152-rm,120,2026-06-19
